description,leaf_damage_percent,temperature,humidity,soil_moisture,days_since_last_treatment,risk_level,priority_score,needs_human_review,confidence_score
Báo cáo nông sản thu hoạch đạt chất lượng VietGAP xuất khẩu.,55.7580090802163,23.30182621759095,82.88300501500231,62.82675868705678,18,high,0.7289927255872208,True,0.86888733379488
"Thời tiết nắng nóng kéo dài, độ ẩm không khí giảm mạnh dưới 45%.",42.078050822024615,32.745306400328815,41.13214718626914,83.34504186890969,11,high,0.9721802856145676,True,0.8001168148761522
Hỏi ý kiến chuyên gia nông nghiệp về kỹ thuật tỉa cành cho bưởi da xanh.,12.838315689740368,25.476360373271678,68.86160373977307,53.75697602531636,16,low,0.3336711310904362,False,0.8759735846258986
Hỏi ý kiến chuyên gia nông nghiệp về kỹ thuật tỉa cành cho bưởi da xanh.,68.16288631890214,24.189884127745476,44.98335389930514,64.0112305133198,11,high,0.8491279871399473,True,0.8888621853293064
Đăng ký lịch bón phân hữu cơ NPK định kỳ cho vườn sầu riêng diện tích 2ha.,60.19582847154244,32.245535694580035,64.77745885832486,30.729572863792658,24,high,0.9800332895916222,True,0.9212596022174692
Phát hiện vệt đốm nâu diện rộng trên lá lúa nghi ngờ do nấm đạo ôn.,1.1176376554149936,24.156088861198683,53.256400631430644,67.5794935354002,11,medium,0.8436013039322683,True,0.8051582781672828
Ứng dụng phân bón lá và thuốc trừ sâu sinh học định kỳ hàng tháng.,27.374242530126857,23.28024958018512,81.54487756747088,53.383573097018456,21,medium,0.858545981009551,True,0.8277281683288291
Báo cáo nông sản thu hoạch đạt chất lượng VietGAP xuất khẩu.,58.959934221649895,28.09557440065578,61.733262980099795,80.96623761865868,15,high,0.7946968229536923,True,0.8855665961608099
Hỏi ý kiến chuyên gia nông nghiệp về kỹ thuật tỉa cành cho bưởi da xanh.,3.1659102237376646,25.855945953738757,61.37725093292151,44.924196747564274,20,low,0.3553629079823468,False,0.9833985083801862
Hỏi ý kiến chuyên gia nông nghiệp về kỹ thuật tỉa cành cho bưởi da xanh.,37.988725821077395,22.536636049545727,84.12083394147218,34.10028540238739,6,medium,0.8227864294048471,True,0.8592322277263355
Báo cáo nông sản thu hoạch đạt chất lượng VietGAP xuất khẩu.,57.08229999183839,32.72343218925711,80.0953942422543,72.419869067727,4,high,0.9686272547688712,True,0.8976615538252917
Hỏi ý kiến chuyên gia nông nghiệp về kỹ thuật tỉa cành cho bưởi da xanh.,60.417239811291545,31.219366282896043,58.1993913668957,33.4957092657313,22,high,0.8939639632724461,True,0.8998883534926245
Hỏi ý kiến chuyên gia nông nghiệp về kỹ thuật tỉa cành cho bưởi da xanh.,44.62902299486492,35.96982936637388,65.97182088390721,36.57768352660659,13,high,0.9461850090371643,True,0.9082594281747309
Báo cáo nông sản thu hoạch đạt chất lượng VietGAP xuất khẩu.,53.96770259681927,28.888320734559034,68.75030561600967,53.51475600972023,9,high,0.8274075855410733,True,0.8302578803503095
Báo cáo nông sản thu hoạch đạt chất lượng VietGAP xuất khẩu.,33.275915622747824,30.138960295574904,78.25338475343702,37.66322999232316,6,medium,0.8190110476803326,True,0.9133326707814573
Hỏi ý kiến chuyên gia nông nghiệp về kỹ thuật tỉa cành cho bưởi da xanh.,65.99974993905867,30.779578396793646,78.21317131718375,78.42573114583917,9,high,0.9343549100736809,True,0.8950105634765635
Ứng dụng phân bón lá và thuốc trừ sâu sinh học định kỳ hàng tháng.,31.957419933803717,23.931927869903006,62.90804713287014,78.58041424053775,22,medium,0.959866476977813,True,0.8477005212457795
Phát hiện vệt đốm nâu diện rộng trên lá lúa nghi ngờ do nấm đạo ôn.,19.049257456924472,31.658422169744522,40.02862073474237,49.391287098379294,2,medium,0.7020161178540453,True,0.8766120953866349
Phát hiện vệt đốm nâu diện rộng trên lá lúa nghi ngờ do nấm đạo ôn.,33.93809799512882,32.46384859202487,54.817678358918684,43.42690372362758,21,medium,0.7634416236761903,True,0.8837153003026011
Hỏi ý kiến chuyên gia nông nghiệp về kỹ thuật tỉa cành cho bưởi da xanh.,25.454072166550578,37.49207748897729,92.93460122181611,43.848026270395025,1,medium,0.9065584710780882,True,0.8222130394930101
Phát hiện vệt đốm nâu diện rộng trên lá lúa nghi ngờ do nấm đạo ôn.,18.67467099926995,37.57906920498775,62.60703573250272,31.81779030953016,0,medium,0.8839618899633954,True,0.902105817733215
"Thời tiết nắng nóng kéo dài, độ ẩm không khí giảm mạnh dưới 45%.",34.26169321942941,37.741708173990816,53.31303993313252,66.96745510732332,10,medium,0.8071997922578072,True,0.8363239907416139
Ứng dụng phân bón lá và thuốc trừ sâu sinh học định kỳ hàng tháng.,25.744819290347724,31.38150495068443,74.84413409184921,59.46760762411172,15,medium,0.9315200862455199,True,0.8226076315948144
Đăng ký lịch bón phân hữu cơ NPK định kỳ cho vườn sầu riêng diện tích 2ha.,13.056295727989797,20.73395254798575,72.4991118753533,67.26603990132554,18,low,0.3989023363533062,False,0.9538051987665459
Hỏi ý kiến chuyên gia nông nghiệp về kỹ thuật tỉa cành cho bưởi da xanh.,45.16209532866149,23.138595722089846,78.00157559563563,51.27044404652956,17,high,0.9429359307131251,True,0.9013535175558921
Phát hiện vệt đốm nâu diện rộng trên lá lúa nghi ngờ do nấm đạo ôn.,7.9431464868412345,36.64448512901413,88.25366443595397,44.18678952433356,15,medium,0.9369944380583526,True,0.8832801217399193
Hỏi ý kiến chuyên gia nông nghiệp về kỹ thuật tỉa cành cho bưởi da xanh.,18.25804223812863,37.93256659564264,93.09806432088365,60.706139948390366,22,low,0.2686604268670452,False,0.8663498191764056
Đăng ký lịch bón phân hữu cơ NPK định kỳ cho vườn sầu riêng diện tích 2ha.,59.94270043146647,27.281146288199423,88.8273554318528,76.8010646822132,16,high,0.746872327087438,True,0.9347831282790618
Hỏi ý kiến chuyên gia nông nghiệp về kỹ thuật tỉa cành cho bưởi da xanh.,40.64806350055183,26.701089798111376,91.7073393351778,83.55151102154245,17,high,0.7466343349110746,True,0.8823100684049879
Ứng dụng phân bón lá và thuốc trừ sâu sinh học định kỳ hàng tháng.,31.389690009037313,37.90023432699478,49.675888897254,30.99414499885365,13,medium,0.7943659124661876,True,0.9119737107677036
Báo cáo nông sản thu hoạch đạt chất lượng VietGAP xuất khẩu.,50.46579469764905,25.545094253343006,69.83971268051945,57.984774226131805,21,high,0.7769086866277004,True,0.8365984465068625
Ứng dụng phân bón lá và thuốc trừ sâu sinh học định kỳ hàng tháng.,68.52250007925063,28.761358753270194,89.83543332452047,53.89169010307357,20,high,0.8457647570005057,True,0.8865355826939538
Phát hiện vệt đốm nâu diện rộng trên lá lúa nghi ngờ do nấm đạo ôn.,13.667009145863116,33.0041380747071,55.44247993424707,31.33737815372996,16,medium,0.7126450938087857,True,0.9491825766196011
Ứng dụng phân bón lá và thuốc trừ sâu sinh học định kỳ hàng tháng.,66.77500039018112,36.46755902396807,60.358728514049446,30.85011390908771,23,high,0.7959175883544489,True,0.8829147450253235
Báo cáo nông sản thu hoạch đạt chất lượng VietGAP xuất khẩu.,67.45339839624769,35.35417019841248,56.19468906382721,51.18037507310589,22,high,0.7778577084981454,True,0.8727919811414473
Đất bị khô hạn cục bộ do hệ thống tưới nhỏ giọt gặp sự cố rò rỉ nước.,38.97608837208451,36.850785934894056,78.28163881712351,61.35336435491507,23,medium,0.7605864281084544,True,0.9006715275236076
Báo cáo nông sản thu hoạch đạt chất lượng VietGAP xuất khẩu.,9.805881066556681,29.32993374254726,88.25551895603755,70.74227397648124,0,low,0.19781746600471006,False,0.9346930894129225
Báo cáo nông sản thu hoạch đạt chất lượng VietGAP xuất khẩu.,20.551429098514536,34.56850079861324,84.55623670735494,77.68897752190571,12,medium,0.7236623123160697,True,0.800777729416098
Hỏi ý kiến chuyên gia nông nghiệp về kỹ thuật tỉa cành cho bưởi da xanh.,55.88066252767426,31.699350753999774,78.60817824917368,73.76859681898556,11,high,0.9571189731956913,True,0.8041425157810558
Đất bị khô hạn cục bộ do hệ thống tưới nhỏ giọt gặp sự cố rò rỉ nước.,6.57873578886083,30.409042537931132,41.976825058820815,55.60789099728531,21,medium,0.8713416455650131,True,0.8045750374908575
Hỏi ý kiến chuyên gia nông nghiệp về kỹ thuật tỉa cành cho bưởi da xanh.,2.7184314100596243,25.45877926411801,69.53953349581604,47.96581829878225,7,low,0.41949774358451375,False,0.8410059952244002
"Thời tiết nắng nóng kéo dài, độ ẩm không khí giảm mạnh dưới 45%.",32.008561312961,35.15641535021567,50.69090186971802,52.62446477811732,2,medium,0.8848546714344798,True,0.9089137000583992
"Thời tiết nắng nóng kéo dài, độ ẩm không khí giảm mạnh dưới 45%.",67.86758069799113,32.862711875239135,42.25871342223317,51.9351495794637,18,high,0.8273017120046344,True,0.8117684572013399
"Thời tiết nắng nóng kéo dài, độ ẩm không khí giảm mạnh dưới 45%.",12.903357203195903,21.45571339910956,63.55729612170593,67.86749454209516,0,low,0.21065301202479603,False,0.8297230381075064
Đất bị khô hạn cục bộ do hệ thống tưới nhỏ giọt gặp sự cố rò rỉ nước.,16.785115141018228,21.68971922146325,50.0576298409019,81.40376985368403,0,medium,0.9769109313923263,True,0.9106845375043653
Báo cáo nông sản thu hoạch đạt chất lượng VietGAP xuất khẩu.,30.497102907452373,33.140707698112735,42.62438702304068,61.132046577174194,18,medium,0.9197753720346671,True,0.8021590232944634
Ứng dụng phân bón lá và thuốc trừ sâu sinh học định kỳ hàng tháng.,6.425934606940932,21.69482578883408,57.12773201652118,83.87307907418297,4,low,0.3159608401805638,False,0.8185884905236903
"Thời tiết nắng nóng kéo dài, độ ẩm không khí giảm mạnh dưới 45%.",33.143023954639595,23.117633658380274,63.86184070808852,51.91776039185554,9,medium,0.9752522621615018,True,0.9330020580947072
Hỏi ý kiến chuyên gia nông nghiệp về kỹ thuật tỉa cành cho bưởi da xanh.,26.222883023852987,31.265478482856253,67.67249422190483,77.10694126535773,4,medium,0.8983494931254609,True,0.892377674658487
Báo cáo nông sản thu hoạch đạt chất lượng VietGAP xuất khẩu.,66.09761179876172,35.60958080399007,75.00219785953061,74.05221120753198,11,high,0.8125692785998914,True,0.896493232766353
Phát hiện vệt đốm nâu diện rộng trên lá lúa nghi ngờ do nấm đạo ôn.,56.78429237152021,34.771510563391196,74.42668185558651,75.12347640741974,7,high,0.9625516861672585,True,0.8293686702183944
"Thời tiết nắng nóng kéo dài, độ ẩm không khí giảm mạnh dưới 45%.",15.021238379586189,26.790663498103566,42.14297227706285,64.00396363858411,22,low,0.17491602696108013,False,0.8606053697558147
Đất bị khô hạn cục bộ do hệ thống tưới nhỏ giọt gặp sự cố rò rỉ nước.,47.71295682809528,26.131242250356323,54.33819905297467,57.28205998613734,20,high,0.8010176152914272,True,0.940497222778356
Hỏi ý kiến chuyên gia nông nghiệp về kỹ thuật tỉa cành cho bưởi da xanh.,29.256222220090514,37.416449927364454,70.1384535786448,53.290901826946524,23,medium,0.9339820743875066,True,0.948575771300101
Hỏi ý kiến chuyên gia nông nghiệp về kỹ thuật tỉa cành cho bưởi da xanh.,26.041266005494823,33.97543329335594,58.74419471391598,81.19165290819606,4,medium,0.7691930893391986,True,0.9019767169850369
Báo cáo nông sản thu hoạch đạt chất lượng VietGAP xuất khẩu.,52.81800118592776,21.856229639046788,89.64040986737616,57.788880484632145,15,high,0.812989245003569,True,0.8446452761763966
Đăng ký lịch bón phân hữu cơ NPK định kỳ cho vườn sầu riêng diện tích 2ha.,27.24411751139142,20.19507772664537,89.7960087030595,35.02076722323734,6,medium,0.9774722566866723,True,0.9015154856636455
Hỏi ý kiến chuyên gia nông nghiệp về kỹ thuật tỉa cành cho bưởi da xanh.,40.14065216863003,31.373069819056386,64.66450370880759,46.12659244339355,24,high,0.8605738851802822,True,0.8319091842536344
"Thời tiết nắng nóng kéo dài, độ ẩm không khí giảm mạnh dưới 45%.",55.4105330608094,34.21312657030197,45.01633566767797,57.19311675864198,6,high,0.9888200601887954,True,0.8083806732016026
Đăng ký lịch bón phân hữu cơ NPK định kỳ cho vườn sầu riêng diện tích 2ha.,62.13929279308098,26.316470225937415,46.43868590351832,37.86454251290597,9,high,0.9427195235288384,True,0.9300303057966262
Ứng dụng phân bón lá và thuốc trừ sâu sinh học định kỳ hàng tháng.,5.887476428049821,32.61744436626416,44.001965350030645,75.20230326096959,1,low,0.1784720732246649,False,0.8161191656761865
Đăng ký lịch bón phân hữu cơ NPK định kỳ cho vườn sầu riêng diện tích 2ha.,40.69137920587476,35.53649339580207,88.41979827511292,43.01768565251433,6,high,0.9859403085086326,True,0.9130067277888412
Ứng dụng phân bón lá và thuốc trừ sâu sinh học định kỳ hàng tháng.,49.572683690823986,28.67000578335408,60.78931745672399,68.7796400363163,9,high,0.9628427716774735,True,0.8166796223459227
Đăng ký lịch bón phân hữu cơ NPK định kỳ cho vườn sầu riêng diện tích 2ha.,17.757752171119712,27.29363756206551,71.43101638627559,70.75356235008675,7,low,0.1911341863719867,False,0.9233499574020521
Phát hiện vệt đốm nâu diện rộng trên lá lúa nghi ngờ do nấm đạo ôn.,47.67275989678363,24.27511648326446,62.01225910796137,56.274318998412525,24,high,0.9518937471749435,True,0.8335393757779179
Ứng dụng phân bón lá và thuốc trừ sâu sinh học định kỳ hàng tháng.,56.147647431871384,37.60221203757688,70.58027712534215,47.7477513552671,15,high,0.853033321635027,True,0.948944719417895
"Thời tiết nắng nóng kéo dài, độ ẩm không khí giảm mạnh dưới 45%.",17.70931175924688,32.51740021591966,44.14890008993731,39.14184875500891,16,low,0.393512041144616,False,0.8863628023058769
"Thời tiết nắng nóng kéo dài, độ ẩm không khí giảm mạnh dưới 45%.",48.78475391046704,26.91563296482596,80.54053882136606,80.33898879180086,9,high,0.975619330382202,True,0.9335395675836374
Hỏi ý kiến chuyên gia nông nghiệp về kỹ thuật tỉa cành cho bưởi da xanh.,7.472924615511907,26.041881166345338,49.332394714256104,65.57665989177981,7,low,0.2736732798091185,False,0.9108946612516657
Hỏi ý kiến chuyên gia nông nghiệp về kỹ thuật tỉa cành cho bưởi da xanh.,25.224156664368778,24.679097531376726,64.9282465755857,31.777377311030776,8,medium,0.789763008723035,True,0.9220692529560423
Hỏi ý kiến chuyên gia nông nghiệp về kỹ thuật tỉa cành cho bưởi da xanh.,18.967034976059093,22.397332254027496,44.191020877953974,81.72925049244608,18,low,0.404001827935926,False,0.9165488872278
Đất bị khô hạn cục bộ do hệ thống tưới nhỏ giọt gặp sự cố rò rỉ nước.,5.7923894024714295,35.77990674666427,70.33733298992385,39.06588436253505,23,medium,0.8091743763946344,True,0.9215829996172749
Báo cáo nông sản thu hoạch đạt chất lượng VietGAP xuất khẩu.,10.529182377246972,30.69435287633843,60.94899711470619,83.34529187980317,16,low,0.4434150466488982,False,0.8890517003610444
Đăng ký lịch bón phân hữu cơ NPK định kỳ cho vườn sầu riêng diện tích 2ha.,9.369648316044323,20.24609536688595,44.14474831938543,68.04429184429017,4,low,0.49990118565014563,False,0.989360999044042
"Thời tiết nắng nóng kéo dài, độ ẩm không khí giảm mạnh dưới 45%.",40.960467262783034,33.07017519329327,81.63946611233507,50.78178021016825,20,high,0.8306577992399271,True,0.8193739122727243
Đăng ký lịch bón phân hữu cơ NPK định kỳ cho vườn sầu riêng diện tích 2ha.,19.231225791813614,23.730097682145015,88.30213671135557,71.63495226947258,1,low,0.2753569513114942,False,0.8215759425179295
Đất bị khô hạn cục bộ do hệ thống tưới nhỏ giọt gặp sự cố rò rỉ nước.,34.871563065212506,28.571792542202253,85.72543195343756,46.927748187407715,0,medium,0.8600529832446008,True,0.884140695730308
Ứng dụng phân bón lá và thuốc trừ sâu sinh học định kỳ hàng tháng.,55.42724876287431,30.61920614847745,66.40252818601613,53.12946782657913,4,high,0.8798897698925048,True,0.9056119652148835
Đăng ký lịch bón phân hữu cơ NPK định kỳ cho vườn sầu riêng diện tích 2ha.,63.22057410736384,31.110746817751256,93.92544988008078,63.444831724803684,17,high,0.8137507730789223,True,0.8656212383035593
Báo cáo nông sản thu hoạch đạt chất lượng VietGAP xuất khẩu.,50.84779228551598,29.854033524184008,64.80007460788575,80.07592031218002,22,high,0.8518446600443532,True,0.9046462807240194
"Thời tiết nắng nóng kéo dài, độ ẩm không khí giảm mạnh dưới 45%.",10.295143665032656,36.6785772529069,67.0663961193746,44.20344135644271,23,low,0.16605144324162152,False,0.9179530800401974
Đất bị khô hạn cục bộ do hệ thống tưới nhỏ giọt gặp sự cố rò rỉ nước.,23.012612720125574,31.401215377701064,53.20800903280062,34.17248304597651,24,medium,0.8334345561052359,True,0.8877149158923731
Đăng ký lịch bón phân hữu cơ NPK định kỳ cho vườn sầu riêng diện tích 2ha.,9.717902085458709,31.535745406457863,50.00340464195297,49.01170058281248,2,low,0.456011161699046,False,0.8978948504242001
Đất bị khô hạn cục bộ do hệ thống tưới nhỏ giọt gặp sự cố rò rỉ nước.,42.135477687867215,24.02928318631377,85.1984850264447,48.979544530231266,9,high,0.7513330404402565,True,0.8133053800635583
Phát hiện vệt đốm nâu diện rộng trên lá lúa nghi ngờ do nấm đạo ôn.,37.40964526127661,26.40784671689575,89.18194945927591,37.08116190648042,12,medium,0.7932590017572083,True,0.813843587934312
Báo cáo nông sản thu hoạch đạt chất lượng VietGAP xuất khẩu.,43.95302726436354,21.471662575079694,88.04682432587275,80.64798202924973,16,high,0.780294517962689,True,0.9209301919689592
Phát hiện vệt đốm nâu diện rộng trên lá lúa nghi ngờ do nấm đạo ôn.,41.80946575788014,37.75262592560267,69.51248552930329,80.82229675090882,13,high,0.8792938837437858,True,0.8553370459354659
Đất bị khô hạn cục bộ do hệ thống tưới nhỏ giọt gặp sự cố rò rỉ nước.,52.32296566936296,20.660297652030764,53.88403193892114,69.23422722365038,14,high,0.9448877950637523,True,0.9124424348012881
Hỏi ý kiến chuyên gia nông nghiệp về kỹ thuật tỉa cành cho bưởi da xanh.,7.502040793784324,28.053422602822184,69.29394965502627,43.33587769991013,24,low,0.4080918221328367,False,0.8346339369104321
Báo cáo nông sản thu hoạch đạt chất lượng VietGAP xuất khẩu.,22.54554159082248,23.8060641259378,58.01235436978531,36.58691725005882,16,medium,0.7994487906406954,True,0.8710954912145834
Đất bị khô hạn cục bộ do hệ thống tưới nhỏ giọt gặp sự cố rò rỉ nước.,55.24198670251368,28.97195958072303,44.7806158448083,59.54085980002013,1,high,0.8617452571256268,True,0.8879803151991139
Hỏi ý kiến chuyên gia nông nghiệp về kỹ thuật tỉa cành cho bưởi da xanh.,8.930621195689463,25.10796630437704,59.96952630192493,65.52544827323807,1,low,0.23552360441262907,False,0.8946670625912987
Ứng dụng phân bón lá và thuốc trừ sâu sinh học định kỳ hàng tháng.,42.4042373549821,24.2700822512479,45.598035994122206,38.407252655138265,22,high,0.841464842234534,True,0.9276226276754219
Ứng dụng phân bón lá và thuốc trừ sâu sinh học định kỳ hàng tháng.,19.956661808569297,23.120724715305588,89.32209835445337,34.41285601139032,18,low,0.15638486849992636,False,0.9324226778496201
Báo cáo nông sản thu hoạch đạt chất lượng VietGAP xuất khẩu.,62.762718408181456,30.36797152050188,90.45675871970424,30.291500351868297,21,high,0.7747918198430325,True,0.8256331381085099
Đăng ký lịch bón phân hữu cơ NPK định kỳ cho vườn sầu riêng diện tích 2ha.,57.46030312073468,32.93223087505797,69.42702026247008,56.21407162695266,12,high,0.9231529506256617,True,0.8280565622836286
Ứng dụng phân bón lá và thuốc trừ sâu sinh học định kỳ hàng tháng.,49.76667351857238,23.591124692089757,80.49359510341685,59.14120127496142,0,high,0.8770798123080734,True,0.8432945829860384
"Thời tiết nắng nóng kéo dài, độ ẩm không khí giảm mạnh dưới 45%.",35.42727694515429,36.77625816062481,57.63532056877328,62.663570365684436,5,medium,0.7976152406762369,True,0.8201622015408462
Báo cáo nông sản thu hoạch đạt chất lượng VietGAP xuất khẩu.,38.42453859222841,23.631148321944245,77.65143513339083,34.83274611834612,4,medium,0.7007861608301555,True,0.8175044096212523
Báo cáo nông sản thu hoạch đạt chất lượng VietGAP xuất khẩu.,33.010333198511084,27.413136454650832,59.18775465986474,81.12410293363041,11,medium,0.8184703049514159,True,0.9399407100649931
Đăng ký lịch bón phân hữu cơ NPK định kỳ cho vườn sầu riêng diện tích 2ha.,65.68383197747265,23.262195190981885,43.65729470517276,70.76163571095324,21,high,0.7139474467495854,True,0.9172271722627122
Đăng ký lịch bón phân hữu cơ NPK định kỳ cho vườn sầu riêng diện tích 2ha.,55.668711830192315,23.629291760859402,49.00107685761375,39.03461888620461,4,high,0.7683506063588499,True,0.8950637845580266
Ứng dụng phân bón lá và thuốc trừ sâu sinh học định kỳ hàng tháng.,25.118133888645175,35.789609734635945,61.58448090824494,74.91296917093675,6,medium,0.9069969119080445,True,0.9349501167938259
"Thời tiết nắng nóng kéo dài, độ ẩm không khí giảm mạnh dưới 45%.",21.096451191489944,33.45696884317252,67.64962145508636,42.77169823307495,0,medium,0.8135298119584355,True,0.8797786219532261
"Thời tiết nắng nóng kéo dài, độ ẩm không khí giảm mạnh dưới 45%.",63.453047767518285,31.236283926451858,46.42939223896003,81.69076679874112,6,high,0.9118592496746973,True,0.9040576411105008
Hỏi ý kiến chuyên gia nông nghiệp về kỹ thuật tỉa cành cho bưởi da xanh.,55.581763248920716,31.161309606713242,69.34036005869768,79.16409206780267,3,high,0.9893308586179146,True,0.9128604680058234
"Thời tiết nắng nóng kéo dài, độ ẩm không khí giảm mạnh dưới 45%.",17.3942397870126,33.391033266308185,41.844283910467865,61.34393266792241,9,low,0.3228935204958019,False,0.9433807054534221
Ứng dụng phân bón lá và thuốc trừ sâu sinh học định kỳ hàng tháng.,57.4880113270409,21.99137126519373,86.5548760453985,37.01187642825903,23,high,0.8456636207641337,True,0.8809790955669256
"Thời tiết nắng nóng kéo dài, độ ẩm không khí giảm mạnh dưới 45%.",16.047597666284904,33.00054623107519,79.6020095100341,65.26311980869136,18,low,0.34792792156304087,False,0.9360740241992609
Đăng ký lịch bón phân hữu cơ NPK định kỳ cho vườn sầu riêng diện tích 2ha.,24.19871954527436,23.268758902425663,89.96478087334955,62.086548712136626,7,medium,0.82284309010194,True,0.843189442471359
Đăng ký lịch bón phân hữu cơ NPK định kỳ cho vườn sầu riêng diện tích 2ha.,10.734598218125614,30.55213697630235,67.82387733864563,63.62998294890563,14,low,0.4041334551218403,False,0.9126629519991761
Hỏi ý kiến chuyên gia nông nghiệp về kỹ thuật tỉa cành cho bưởi da xanh.,39.55932285124462,32.53971482978406,90.73746596475127,68.89812488723692,9,medium,0.923661533870724,True,0.8561653054580634
Phát hiện vệt đốm nâu diện rộng trên lá lúa nghi ngờ do nấm đạo ôn.,29.68914699116702,33.255996241245015,91.39018581229581,80.9062682098727,22,medium,0.7356151267352627,True,0.8353859051892623
Đất bị khô hạn cục bộ do hệ thống tưới nhỏ giọt gặp sự cố rò rỉ nước.,58.72286605121539,22.2439282616588,90.64630354395547,77.84429991341705,22,high,0.7659447300543626,True,0.8911841590691388
Báo cáo nông sản thu hoạch đạt chất lượng VietGAP xuất khẩu.,3.8333147175421933,26.033550349626218,84.15693967289063,30.25476126525316,8,low,0.1899935550194907,False,0.8787558709986892
Đất bị khô hạn cục bộ do hệ thống tưới nhỏ giọt gặp sự cố rò rỉ nước.,64.38989314889324,26.234227898587303,59.08242610429252,70.56256864603617,16,high,0.8702497849996045,True,0.8049270005365158
Đăng ký lịch bón phân hữu cơ NPK định kỳ cho vườn sầu riêng diện tích 2ha.,9.85999142658599,23.17496575711202,67.41022750067138,53.04089972275014,23,low,0.2590156098964651,False,0.9482941844337567
Đăng ký lịch bón phân hữu cơ NPK định kỳ cho vườn sầu riêng diện tích 2ha.,44.25850015436713,20.235700218590004,76.49455546091909,39.79197817783633,19,high,0.8331068065249337,True,0.8835958053335071
Ứng dụng phân bón lá và thuốc trừ sâu sinh học định kỳ hàng tháng.,5.97447676550507,37.94373653322705,67.62072556821835,62.74617595260241,12,low,0.28906134041015924,False,0.8810898920139825
Đăng ký lịch bón phân hữu cơ NPK định kỳ cho vườn sầu riêng diện tích 2ha.,24.45708993345331,28.428172911944827,74.37367928780787,50.774927109209315,15,medium,0.8638039286461587,True,0.8098562959142529
Ứng dụng phân bón lá và thuốc trừ sâu sinh học định kỳ hàng tháng.,49.98414398528798,29.497659142606146,69.39507401914858,56.459837161317225,5,high,0.9219533215092097,True,0.8154472218996973
"Thời tiết nắng nóng kéo dài, độ ẩm không khí giảm mạnh dưới 45%.",5.285235466272246,33.55843197345412,54.97660200961647,79.35867254003864,1,low,0.2930569598843337,False,0.8048234075754656
Hỏi ý kiến chuyên gia nông nghiệp về kỹ thuật tỉa cành cho bưởi da xanh.,58.78522016195994,35.605887680207424,62.43914724506646,60.34474273926369,2,high,0.7670116910105407,True,0.9007839115398093
"Thời tiết nắng nóng kéo dài, độ ẩm không khí giảm mạnh dưới 45%.",41.65342857902944,26.10688242613144,71.31939347699252,78.81032653824266,14,high,0.909035797930047,True,0.9207972451036858
Ứng dụng phân bón lá và thuốc trừ sâu sinh học định kỳ hàng tháng.,42.223818152388574,34.52330268132655,92.9457125205181,81.94253490675004,21,high,0.759445445670588,True,0.8439721595391521
Đất bị khô hạn cục bộ do hệ thống tưới nhỏ giọt gặp sự cố rò rỉ nước.,0.9101346457515225,21.539153555380427,51.4337440330315,31.459271213060084,18,medium,0.8690820526812107,True,0.8632136825888747
Đất bị khô hạn cục bộ do hệ thống tưới nhỏ giọt gặp sự cố rò rỉ nước.,63.743680247821274,31.24570287877852,58.472622143240926,75.3809032282463,2,high,0.8711855333292942,True,0.8402095461234315
"Thời tiết nắng nóng kéo dài, độ ẩm không khí giảm mạnh dưới 45%.",24.163450141689292,33.92902141762413,59.951684206627,77.3587410986097,2,medium,0.9750514590190253,True,0.914540869123964
Phát hiện vệt đốm nâu diện rộng trên lá lúa nghi ngờ do nấm đạo ôn.,60.7927583128539,28.773761568491246,89.20037247917503,73.99203907710233,16,high,0.8405857264736003,True,0.8768686483822883
Phát hiện vệt đốm nâu diện rộng trên lá lúa nghi ngờ do nấm đạo ôn.,37.914395026260685,31.40260795687065,54.18382269882613,37.664584074005326,10,medium,0.8222941410204517,True,0.8198414316687996
"Thời tiết nắng nóng kéo dài, độ ẩm không khí giảm mạnh dưới 45%.",12.017550009381244,24.901531877348642,41.01148721011067,80.28643436082744,20,low,0.43526904994086,False,0.8946372431670911
Đất bị khô hạn cục bộ do hệ thống tưới nhỏ giọt gặp sự cố rò rỉ nước.,38.792460176105536,31.725566990333554,85.63579920389608,41.35316994683318,9,medium,0.7406053762115302,True,0.8395525703951925
Báo cáo nông sản thu hoạch đạt chất lượng VietGAP xuất khẩu.,61.17230542937607,30.75343583906555,73.02842732385093,66.57701710004406,6,high,0.8662553696720261,True,0.9257160444767444
"Thời tiết nắng nóng kéo dài, độ ẩm không khí giảm mạnh dưới 45%.",26.819696977464822,29.340518695091077,42.58312817262803,39.14558528158437,10,medium,0.7534675669968993,True,0.8135505440866412
Đăng ký lịch bón phân hữu cơ NPK định kỳ cho vườn sầu riêng diện tích 2ha.,17.174437677692467,27.00732105275558,55.8781555223885,49.5619994055722,16,low,0.40253650139266695,False,0.9159768867315119
Ứng dụng phân bón lá và thuốc trừ sâu sinh học định kỳ hàng tháng.,33.32352815393698,31.946080976527668,91.52563566286169,70.29146534656377,0,medium,0.7782742544937364,True,0.8809764168362291
Đăng ký lịch bón phân hữu cơ NPK định kỳ cho vườn sầu riêng diện tích 2ha.,41.65545514901784,20.925664642716505,67.300143596068,62.82635669042891,1,high,0.8807664397624473,True,0.8711355963050554
Phát hiện vệt đốm nâu diện rộng trên lá lúa nghi ngờ do nấm đạo ôn.,5.259644721506613,33.10739761166486,67.25202239134092,67.86213180352547,9,medium,0.833307638700728,True,0.8113900115554433
Đất bị khô hạn cục bộ do hệ thống tưới nhỏ giọt gặp sự cố rò rỉ nước.,55.95911152782855,32.50453647537968,54.96798254764795,62.46268667779979,18,high,0.7912330014747291,True,0.9211145377725142
Phát hiện vệt đốm nâu diện rộng trên lá lúa nghi ngờ do nấm đạo ôn.,9.577304164327298,37.104272368774446,64.53031751268756,40.18231108612408,15,medium,0.9531542924041584,True,0.9098337329614341
"Thời tiết nắng nóng kéo dài, độ ẩm không khí giảm mạnh dưới 45%.",53.13250918771949,33.03385992691649,75.04773688842178,83.93172400989934,17,high,0.8419332394565107,True,0.8331814162729404
Đất bị khô hạn cục bộ do hệ thống tưới nhỏ giọt gặp sự cố rò rỉ nước.,3.6117064661097,32.058514361900706,42.42909907405551,62.354506633346205,16,medium,0.7523668500869267,True,0.8851917845828944
Đất bị khô hạn cục bộ do hệ thống tưới nhỏ giọt gặp sự cố rò rỉ nước.,21.899839955391126,22.16940641815636,80.20630193020548,40.59294652820967,7,medium,0.9816068910979566,True,0.9416399733670151
Đất bị khô hạn cục bộ do hệ thống tưới nhỏ giọt gặp sự cố rò rỉ nước.,52.154518368415424,20.98788706363655,65.03290267698858,58.7339016839143,6,high,0.7107322140674928,True,0.889440481772308
Đăng ký lịch bón phân hữu cơ NPK định kỳ cho vườn sầu riêng diện tích 2ha.,39.24740358024598,28.659113909193557,88.67490960878047,59.16458229491951,22,medium,0.8173007804077367,True,0.8858641639150199
Phát hiện vệt đốm nâu diện rộng trên lá lúa nghi ngờ do nấm đạo ôn.,37.68810432665513,31.909793151449747,80.58206717985888,58.60924604333025,12,medium,0.8786003245728683,True,0.8349439212130451
Báo cáo nông sản thu hoạch đạt chất lượng VietGAP xuất khẩu.,32.335999540291134,37.82614364015198,40.01306379667365,40.201010026719736,17,medium,0.9723296325687398,True,0.9198174853660498
Báo cáo nông sản thu hoạch đạt chất lượng VietGAP xuất khẩu.,0.6639803539948652,20.948309047590115,44.869887583749,32.06782252634435,11,low,0.3696269121264295,False,0.9659986516954043
Báo cáo nông sản thu hoạch đạt chất lượng VietGAP xuất khẩu.,27.88011687829449,21.650588032005743,58.50037551056322,58.73855553989877,0,medium,0.7692453722728076,True,0.8165711169697092
Ứng dụng phân bón lá và thuốc trừ sâu sinh học định kỳ hàng tháng.,20.790201351841755,35.35079279045422,79.35543233788331,62.40096939589922,15,medium,0.7051834410726899,True,0.9481583584604047
Phát hiện vệt đốm nâu diện rộng trên lá lúa nghi ngờ do nấm đạo ôn.,7.662731907538061,27.04934252972641,46.8440656513271,82.60286336576837,4,medium,0.92804005418051,True,0.8134116503468389
Ứng dụng phân bón lá và thuốc trừ sâu sinh học định kỳ hàng tháng.,68.76313605560571,35.915581606367056,73.04391455432089,79.70481819463987,1,high,0.7484398443667017,True,0.9486752939205465
Đăng ký lịch bón phân hữu cơ NPK định kỳ cho vườn sầu riêng diện tích 2ha.,28.110616549784122,35.08086323509842,52.681305769276044,75.68533847628436,13,medium,0.76689424539815,True,0.8264792048008263
Đất bị khô hạn cục bộ do hệ thống tưới nhỏ giọt gặp sự cố rò rỉ nước.,2.5712356198629536,37.23086473369986,85.44131326866813,74.04233279214313,21,medium,0.9810397627408353,True,0.9325678827445139
Đăng ký lịch bón phân hữu cơ NPK định kỳ cho vườn sầu riêng diện tích 2ha.,41.809185070123874,29.45056701548483,54.312835237334,58.33863583730992,17,high,0.9018459792355997,True,0.8230843859509783
Đăng ký lịch bón phân hữu cơ NPK định kỳ cho vườn sầu riêng diện tích 2ha.,15.710840028566246,24.028717066807214,69.53359325913775,62.611696416293675,13,low,0.45104438574627326,False,0.8869120985770044
Đăng ký lịch bón phân hữu cơ NPK định kỳ cho vườn sầu riêng diện tích 2ha.,19.107156239942046,28.58018290994663,42.44071649432802,76.87064433408543,9,low,0.4333306261537073,False,0.9244959763214141
"Thời tiết nắng nóng kéo dài, độ ẩm không khí giảm mạnh dưới 45%.",51.46488581664169,25.06503729039548,53.89570016784868,30.27951768999143,4,high,0.7141472386852201,True,0.8798903779101143
"Thời tiết nắng nóng kéo dài, độ ẩm không khí giảm mạnh dưới 45%.",15.412824136486794,32.29865774587273,44.18719727196651,76.81638027268228,7,low,0.4590171941981114,False,0.8980550138842872
Đăng ký lịch bón phân hữu cơ NPK định kỳ cho vườn sầu riêng diện tích 2ha.,57.72766761476044,26.260565742239475,77.29088839074849,61.115258019768504,12,high,0.9128338764965735,True,0.8781890468270622
Hỏi ý kiến chuyên gia nông nghiệp về kỹ thuật tỉa cành cho bưởi da xanh.,59.540721036596935,35.61129561727644,78.95996371932691,76.03573306000196,24,high,0.9697262016478242,True,0.8158751140742876
Đăng ký lịch bón phân hữu cơ NPK định kỳ cho vườn sầu riêng diện tích 2ha.,52.69016476903489,22.854891895275326,88.44789175594107,77.95139402598775,18,high,0.9549307292661582,True,0.8007717756132072
Đăng ký lịch bón phân hữu cơ NPK định kỳ cho vườn sầu riêng diện tích 2ha.,16.003761306744646,36.356623566848626,40.06160613140602,60.589995427186636,12,low,0.32761370681629265,False,0.8012133156261985
"Thời tiết nắng nóng kéo dài, độ ẩm không khí giảm mạnh dưới 45%.",43.18488428630195,37.66135120449363,74.74974398591675,44.28919695852879,23,high,0.9374170319449541,True,0.8192673077139787
Đăng ký lịch bón phân hữu cơ NPK định kỳ cho vườn sầu riêng diện tích 2ha.,53.27195317514196,29.742798416169983,92.9645602122447,48.802969132127735,14,high,0.9702881505979051,True,0.8153764591986019
Hỏi ý kiến chuyên gia nông nghiệp về kỹ thuật tỉa cành cho bưởi da xanh.,12.162743271529676,33.875373953737814,92.10138385409859,39.15076728127498,11,low,0.17357271051407008,False,0.9106123874334919
Phát hiện vệt đốm nâu diện rộng trên lá lúa nghi ngờ do nấm đạo ôn.,4.05443223911588,21.34449951964137,86.88280625592563,84.45816050128559,14,medium,0.9809745780328505,True,0.9124477747614387
Đăng ký lịch bón phân hữu cơ NPK định kỳ cho vườn sầu riêng diện tích 2ha.,41.60771014599817,26.905020687301192,43.60943795157071,75.18321210740925,14,high,0.841706525217353,True,0.9155611126711689
Đất bị khô hạn cục bộ do hệ thống tưới nhỏ giọt gặp sự cố rò rỉ nước.,0.07206358919433775,22.860889098981616,65.76966792227213,81.93669992268065,2,medium,0.8309022370556058,True,0.8245435731787504
Báo cáo nông sản thu hoạch đạt chất lượng VietGAP xuất khẩu.,57.81445360599276,25.370739757819866,86.19709405698595,72.50525290092425,19,high,0.8898082521415291,True,0.8409889290497314
Phát hiện vệt đốm nâu diện rộng trên lá lúa nghi ngờ do nấm đạo ôn.,67.42656574080924,20.563441647455292,80.21985368355271,80.02384810213002,4,high,0.8851725248225848,True,0.8596391596944192
Phát hiện vệt đốm nâu diện rộng trên lá lúa nghi ngờ do nấm đạo ôn.,30.960913366663718,25.615135828912347,57.64085072409701,69.84324699377643,1,medium,0.7618003641672741,True,0.8046701124326767
Phát hiện vệt đốm nâu diện rộng trên lá lúa nghi ngờ do nấm đạo ôn.,50.04468281415733,30.129505154180887,65.9342853056382,59.8778043184477,13,high,0.7590733622901195,True,0.8136746735609288
Báo cáo nông sản thu hoạch đạt chất lượng VietGAP xuất khẩu.,31.758554422369787,29.546379087108612,40.98240408630757,73.82388053252151,11,medium,0.709432592052463,True,0.9381271771723529
Đăng ký lịch bón phân hữu cơ NPK định kỳ cho vườn sầu riêng diện tích 2ha.,12.982121227365804,28.31775123378189,40.06775093415342,62.907999581733485,11,low,0.2366389844611813,False,0.9060984077908076
Phát hiện vệt đốm nâu diện rộng trên lá lúa nghi ngờ do nấm đạo ôn.,11.257782835473304,31.727350402440763,57.92590051736412,62.464516638709235,7,medium,0.7900049680878364,True,0.8682830223622702
"Thời tiết nắng nóng kéo dài, độ ẩm không khí giảm mạnh dưới 45%.",5.071282145619121,27.064884015320327,66.3966359094418,63.00113014656171,10,low,0.3932436601442899,False,0.9634232554659489
Ứng dụng phân bón lá và thuốc trừ sâu sinh học định kỳ hàng tháng.,63.54730570892481,33.037135546275415,81.20389015057057,38.025714071933,11,high,0.9861321520474724,True,0.821374331435227
Ứng dụng phân bón lá và thuốc trừ sâu sinh học định kỳ hàng tháng.,43.270901402268336,32.64436946979387,70.78067759178028,30.5373966080551,0,high,0.8501363765815663,True,0.813179974871725
"Thời tiết nắng nóng kéo dài, độ ẩm không khí giảm mạnh dưới 45%.",5.775597410829489,34.84125284414301,59.679074301054925,47.71520862206344,5,low,0.3486392968915453,False,0.9309983441360805
Đất bị khô hạn cục bộ do hệ thống tưới nhỏ giọt gặp sự cố rò rỉ nước.,57.50085096069065,20.74130291502689,76.87120020949267,82.33524858954299,2,high,0.9599041777786611,True,0.8892164956065404
Phát hiện vệt đốm nâu diện rộng trên lá lúa nghi ngờ do nấm đạo ôn.,3.6379898556030685,29.743334035419267,78.9983285698004,77.9033018060347,17,medium,0.8813383514620449,True,0.9175134088912422
Báo cáo nông sản thu hoạch đạt chất lượng VietGAP xuất khẩu.,57.03775796225585,21.442067234924153,89.21491608332903,60.11758068845549,21,high,0.831172302510307,True,0.8965366542794787
Phát hiện vệt đốm nâu diện rộng trên lá lúa nghi ngờ do nấm đạo ôn.,11.479963669264807,27.89492989681169,79.8654607930732,62.63032565705983,11,medium,0.7462679572328246,True,0.9307675349888302
Đất bị khô hạn cục bộ do hệ thống tưới nhỏ giọt gặp sự cố rò rỉ nước.,23.031220647026352,28.463286668539972,80.93534860772256,77.95080284352167,20,medium,0.8910252548952541,True,0.8747293574679709
Đất bị khô hạn cục bộ do hệ thống tưới nhỏ giọt gặp sự cố rò rỉ nước.,1.460279750407667,31.758734346271943,58.27730439453099,59.83632496456521,2,medium,0.7236426819702036,True,0.8604892041685748
"Thời tiết nắng nóng kéo dài, độ ẩm không khí giảm mạnh dưới 45%.",5.053888628542309,20.55174503970451,54.17255886811675,55.4442626206624,20,low,0.4045091744182078,False,0.9411142390279964
Hỏi ý kiến chuyên gia nông nghiệp về kỹ thuật tỉa cành cho bưởi da xanh.,44.01353727441616,33.23630537598355,82.2248138436729,57.76646850411598,17,high,0.95143913387551,True,0.886801311285859
Hỏi ý kiến chuyên gia nông nghiệp về kỹ thuật tỉa cành cho bưởi da xanh.,2.0576112029555107,27.119273057282275,73.34037924586443,62.87479608907254,3,low,0.2976023244057094,False,0.8525972814746599
Đăng ký lịch bón phân hữu cơ NPK định kỳ cho vườn sầu riêng diện tích 2ha.,19.869817002605153,26.464718533992166,61.111593352728796,55.61970438611367,20,low,0.40658955784534834,False,0.8249978601741794
Hỏi ý kiến chuyên gia nông nghiệp về kỹ thuật tỉa cành cho bưởi da xanh.,63.63227644659487,23.234295959664355,53.06488287081327,83.42673017229018,22,high,0.8197790406478321,True,0.810369917927993
Phát hiện vệt đốm nâu diện rộng trên lá lúa nghi ngờ do nấm đạo ôn.,17.306175208222392,35.67349822290521,64.4917890251466,58.31495446613296,24,medium,0.8921601709124128,True,0.814289226193194
Phát hiện vệt đốm nâu diện rộng trên lá lúa nghi ngờ do nấm đạo ôn.,27.375707565623248,37.449421802035175,54.197338798562015,66.12051654977107,0,medium,0.9243072064491142,True,0.8196310491077525
"Thời tiết nắng nóng kéo dài, độ ẩm không khí giảm mạnh dưới 45%.",16.591949997583534,24.22413268870792,88.60403183134139,54.31134055805717,15,low,0.3319208819946062,False,0.8640306035219444
Ứng dụng phân bón lá và thuốc trừ sâu sinh học định kỳ hàng tháng.,10.20295977713262,28.089809033847278,72.33364041107129,82.17208451682885,24,low,0.20846466776533246,False,0.8318476510947804
Phát hiện vệt đốm nâu diện rộng trên lá lúa nghi ngờ do nấm đạo ôn.,42.3876710351418,26.421176954720032,69.34315589148326,72.99846814147662,23,high,0.9336443443555154,True,0.8878031546595129
Báo cáo nông sản thu hoạch đạt chất lượng VietGAP xuất khẩu.,39.0698174715704,29.718305111039825,41.8803271266537,84.2681139196439,8,medium,0.8540391631202993,True,0.9404908538442442
"Thời tiết nắng nóng kéo dài, độ ẩm không khí giảm mạnh dưới 45%.",44.80020767858396,24.04462118550824,49.900574060999794,34.87055713227828,0,high,0.8470980945196338,True,0.8062359288575589
Đất bị khô hạn cục bộ do hệ thống tưới nhỏ giọt gặp sự cố rò rỉ nước.,27.81652919250807,28.638147468657316,77.72822547906412,30.95588846020138,24,medium,0.885344781966495,True,0.9301877441780033
Báo cáo nông sản thu hoạch đạt chất lượng VietGAP xuất khẩu.,17.795720592824527,29.391140839451836,58.84594184665035,59.27347438544645,22,low,0.16049075645543728,False,0.8585066889023263
Đất bị khô hạn cục bộ do hệ thống tưới nhỏ giọt gặp sự cố rò rỉ nước.,14.129741648606386,32.121783799848515,93.34516253589987,35.16453936841801,7,medium,0.7452875149897304,True,0.8351841940002244
Báo cáo nông sản thu hoạch đạt chất lượng VietGAP xuất khẩu.,12.400485261317014,32.46726714007096,86.09634093064606,81.95378207107129,9,low,0.15613059680172178,False,0.8463879851802512
Đất bị khô hạn cục bộ do hệ thống tưới nhỏ giọt gặp sự cố rò rỉ nước.,60.82334891351027,30.270975439498933,41.67128828332603,81.20217825288378,13,high,0.9664165611281162,True,0.8900914313819354
Báo cáo nông sản thu hoạch đạt chất lượng VietGAP xuất khẩu.,46.121982916286,27.08955930177485,75.81781373728207,35.86261666693949,1,high,0.9898299804734934,True,0.8072318058290835
Phát hiện vệt đốm nâu diện rộng trên lá lúa nghi ngờ do nấm đạo ôn.,60.65070672693518,37.880064872455314,81.38352694385648,34.97649324078779,8,high,0.7316417932120673,True,0.8975767471687573
Ứng dụng phân bón lá và thuốc trừ sâu sinh học định kỳ hàng tháng.,22.89232130942671,32.016680940144525,84.43152680676923,71.92568241271387,8,medium,0.7919867578619656,True,0.9303350938310856
Phát hiện vệt đốm nâu diện rộng trên lá lúa nghi ngờ do nấm đạo ôn.,8.414633875942592,29.800803763295292,40.31672632739669,47.852220644514865,11,medium,0.8768512235946214,True,0.8845158391022688
Đăng ký lịch bón phân hữu cơ NPK định kỳ cho vườn sầu riêng diện tích 2ha.,27.199067088924203,28.07648520720555,53.064927198088014,50.528848539613705,11,medium,0.7042534465434165,True,0.8880592561551727
Ứng dụng phân bón lá và thuốc trừ sâu sinh học định kỳ hàng tháng.,44.98031782630327,33.66819790261159,67.52449200219078,59.83000157388561,7,high,0.8505337176895031,True,0.8718772816444597
"Thời tiết nắng nóng kéo dài, độ ẩm không khí giảm mạnh dưới 45%.",56.96364018237105,21.960530153241166,48.19455207836071,58.96430884979277,14,high,0.8547447385507947,True,0.8911857639190167
Báo cáo nông sản thu hoạch đạt chất lượng VietGAP xuất khẩu.,56.909001710126546,32.926215372076896,92.55380327752141,31.00279204719989,22,high,0.8249500065460297,True,0.9345071434760184
"Thời tiết nắng nóng kéo dài, độ ẩm không khí giảm mạnh dưới 45%.",62.86213842649909,24.382681338373388,90.98689996379687,33.314706465925845,20,high,0.838963136538644,True,0.8291837484777952
Ứng dụng phân bón lá và thuốc trừ sâu sinh học định kỳ hàng tháng.,34.01102314304279,24.621978218969144,55.66800960790576,46.90094807094576,14,medium,0.8543554618683216,True,0.8871398079894196
Đất bị khô hạn cục bộ do hệ thống tưới nhỏ giọt gặp sự cố rò rỉ nước.,42.723364831764286,32.890712136017484,54.994320040344356,52.74520058389433,24,high,0.8515195017496743,True,0.8184833981258249
Hỏi ý kiến chuyên gia nông nghiệp về kỹ thuật tỉa cành cho bưởi da xanh.,12.700684338693886,29.452940906007083,78.99754439473381,35.87823077021091,9,low,0.21482995629159338,False,0.9743729729425616
Hỏi ý kiến chuyên gia nông nghiệp về kỹ thuật tỉa cành cho bưởi da xanh.,33.84819527039473,34.50786589595285,70.2624598185944,32.38768930701505,9,medium,0.7325682598792536,True,0.8003876022267474
Ứng dụng phân bón lá và thuốc trừ sâu sinh học định kỳ hàng tháng.,57.343220159875315,35.91571634027134,52.544387457191284,41.662466194952465,9,high,0.7506842984199393,True,0.8541158778665899
Đất bị khô hạn cục bộ do hệ thống tưới nhỏ giọt gặp sự cố rò rỉ nước.,63.00161863786078,26.361584827448926,53.02788074359651,72.9289033384124,17,high,0.912267839599834,True,0.9276761391279156
Báo cáo nông sản thu hoạch đạt chất lượng VietGAP xuất khẩu.,46.72849295040293,21.719635649024028,74.31226285721152,54.8472223305476,17,high,0.7443653022402832,True,0.8352853377202978
Hỏi ý kiến chuyên gia nông nghiệp về kỹ thuật tỉa cành cho bưởi da xanh.,60.395795428026,23.901316401633963,45.2643005536089,31.300122232548503,14,high,0.7667713888440822,True,0.830927924677764
Đăng ký lịch bón phân hữu cơ NPK định kỳ cho vườn sầu riêng diện tích 2ha.,16.23629672811828,27.036307926299266,72.69619843523952,57.322177237254316,1,low,0.24608908890004388,False,0.9134389142101814
Đất bị khô hạn cục bộ do hệ thống tưới nhỏ giọt gặp sự cố rò rỉ nước.,28.302313767300447,27.707593068661065,79.4678771111997,68.08398832284033,6,medium,0.7989161070975239,True,0.9228060585678849
Hỏi ý kiến chuyên gia nông nghiệp về kỹ thuật tỉa cành cho bưởi da xanh.,50.703717199011884,30.410964506115363,55.07883666078932,34.36806529439426,7,high,0.8871340528824578,True,0.8893626092283435
Phát hiện vệt đốm nâu diện rộng trên lá lúa nghi ngờ do nấm đạo ôn.,22.636009348086453,24.079815240085786,59.52479682075655,33.818311351035135,16,medium,0.9412403028429124,True,0.9004403924200943
Hỏi ý kiến chuyên gia nông nghiệp về kỹ thuật tỉa cành cho bưởi da xanh.,16.35984573373031,29.72021446288119,88.40434981588021,65.79825529759569,21,low,0.23079021620390422,False,0.8868031425272701
Ứng dụng phân bón lá và thuốc trừ sâu sinh học định kỳ hàng tháng.,46.86408686387331,37.894508501981015,76.40115544171582,60.67808795535137,1,high,0.8294421818473162,True,0.8500354324208301
Ứng dụng phân bón lá và thuốc trừ sâu sinh học định kỳ hàng tháng.,39.360777111453686,37.237255121096844,49.64166182967128,67.95026899513661,24,medium,0.749438602070436,True,0.8614216779507806
Ứng dụng phân bón lá và thuốc trừ sâu sinh học định kỳ hàng tháng.,31.52596553807296,33.61093992011443,59.116433833144015,66.57014484679699,19,medium,0.8377170976168034,True,0.8573789420366013
Báo cáo nông sản thu hoạch đạt chất lượng VietGAP xuất khẩu.,27.95211410665157,22.743488239947514,94.58659261871064,80.98505323583623,11,medium,0.7706604476585213,True,0.9007337665419556
Hỏi ý kiến chuyên gia nông nghiệp về kỹ thuật tỉa cành cho bưởi da xanh.,43.65099816019318,21.6042397780883,81.53987312732443,37.024241599937916,15,high,0.8469831452279399,True,0.823895603092847
"Thời tiết nắng nóng kéo dài, độ ẩm không khí giảm mạnh dưới 45%.",2.531226636733348,25.456310407015913,54.47119134509636,49.80750241093355,20,low,0.27121261900615123,False,0.8454205131174805
Phát hiện vệt đốm nâu diện rộng trên lá lúa nghi ngờ do nấm đạo ôn.,21.386701746061647,27.1456673073371,64.59613972776596,63.03268833483395,22,medium,0.7469116212921117,True,0.9179413935135642
Báo cáo nông sản thu hoạch đạt chất lượng VietGAP xuất khẩu.,69.45106103763189,35.325649239411725,51.46807828965347,81.1827368054154,9,high,0.8565224594403834,True,0.8941925079158953
Ứng dụng phân bón lá và thuốc trừ sâu sinh học định kỳ hàng tháng.,61.45820243115487,35.62502042193411,84.32589700646916,73.45167399688837,19,high,0.9374331511815384,True,0.8483791966769623
Đăng ký lịch bón phân hữu cơ NPK định kỳ cho vườn sầu riêng diện tích 2ha.,12.146716049055607,32.50911960024431,59.035484959578206,83.65856104729532,9,low,0.4378681972720263,False,0.8251796878209512
Ứng dụng phân bón lá và thuốc trừ sâu sinh học định kỳ hàng tháng.,21.960938383586722,30.91467699980076,47.655891353964144,79.40438950109882,13,medium,0.7507032019055196,True,0.8753849114695164
Phát hiện vệt đốm nâu diện rộng trên lá lúa nghi ngờ do nấm đạo ôn.,57.76405371908977,31.993523945030717,46.69690511189011,56.30287126764398,3,high,0.7391982238548985,True,0.944467266738376
Hỏi ý kiến chuyên gia nông nghiệp về kỹ thuật tỉa cành cho bưởi da xanh.,54.37065413301849,22.19663093823911,72.68599128089761,81.50470456360134,19,high,0.8274583897035439,True,0.8158497026392616
Ứng dụng phân bón lá và thuốc trừ sâu sinh học định kỳ hàng tháng.,0.02327542843425845,20.31838057303863,73.14042401135757,50.06390205294912,18,low,0.3475543817376089,False,0.8364386665624536
Phát hiện vệt đốm nâu diện rộng trên lá lúa nghi ngờ do nấm đạo ôn.,4.0714656853833056,37.90759370905581,43.17793085480017,68.22693758722042,8,medium,0.8247977814775871,True,0.8255997137824997
"Thời tiết nắng nóng kéo dài, độ ẩm không khí giảm mạnh dưới 45%.",8.496945759570023,25.45895265621672,45.55751960558557,68.06887379317726,0,low,0.32829774485242635,False,0.9893724022320656
Phát hiện vệt đốm nâu diện rộng trên lá lúa nghi ngờ do nấm đạo ôn.,16.28518769938767,23.974447336141505,49.556392761426196,66.0648019908911,5,medium,0.8235641813282077,True,0.81960655651103
Hỏi ý kiến chuyên gia nông nghiệp về kỹ thuật tỉa cành cho bưởi da xanh.,28.335890035963985,31.773364316695968,59.482993224462604,58.9027542082752,21,medium,0.9399859897143935,True,0.9100421570842103
Ứng dụng phân bón lá và thuốc trừ sâu sinh học định kỳ hàng tháng.,67.46755928376457,24.47444463886896,47.35920549537188,53.02193418931644,5,high,0.7753458305360599,True,0.9140434734683203
Đất bị khô hạn cục bộ do hệ thống tưới nhỏ giọt gặp sự cố rò rỉ nước.,13.278639372227403,31.141067474138985,57.792521720131056,75.88668512751221,12,medium,0.9830033889239156,True,0.9202305667824484
"Thời tiết nắng nóng kéo dài, độ ẩm không khí giảm mạnh dưới 45%.",2.9843246500922915,26.685354217702532,54.621812515987244,65.53495679043795,20,low,0.44552497895886556,False,0.8186356903490065
Đất bị khô hạn cục bộ do hệ thống tưới nhỏ giọt gặp sự cố rò rỉ nước.,8.903983388121471,35.56388705852752,53.3912882622677,65.84408563510326,2,medium,0.8090076026922731,True,0.8591714417855053
Ứng dụng phân bón lá và thuốc trừ sâu sinh học định kỳ hàng tháng.,27.467560506993216,37.211999431681065,47.32297522979533,35.618224131164595,23,medium,0.7914679997669236,True,0.9032202059129812
Hỏi ý kiến chuyên gia nông nghiệp về kỹ thuật tỉa cành cho bưởi da xanh.,5.3491801606636,25.028618850824895,91.1675386660803,43.91821380404315,7,low,0.31151711261865694,False,0.9210682805935733
Đất bị khô hạn cục bộ do hệ thống tưới nhỏ giọt gặp sự cố rò rỉ nước.,27.044423689382086,28.102239783555675,52.48305819009503,78.91650038708644,22,medium,0.8503383263641091,True,0.8225253501225562
Hỏi ý kiến chuyên gia nông nghiệp về kỹ thuật tỉa cành cho bưởi da xanh.,35.85553445688721,32.244100025750356,42.292009533131136,34.66356088251918,10,medium,0.8911203049190675,True,0.9203195837191381
Đăng ký lịch bón phân hữu cơ NPK định kỳ cho vườn sầu riêng diện tích 2ha.,0.8475932664421215,37.21702516939064,80.56295977024539,49.42882746761353,13,low,0.4970559431045959,False,0.9844424919574273
Đăng ký lịch bón phân hữu cơ NPK định kỳ cho vườn sầu riêng diện tích 2ha.,46.29594277492901,23.33352022161442,49.57601344337464,35.41176073423685,21,high,0.9216680720443033,True,0.8397569642487506
Ứng dụng phân bón lá và thuốc trừ sâu sinh học định kỳ hàng tháng.,5.783236442148808,29.263836558323206,89.43954532034294,73.0366708510166,7,low,0.3686322490989923,False,0.8725685315340502
Đất bị khô hạn cục bộ do hệ thống tưới nhỏ giọt gặp sự cố rò rỉ nước.,0.7299389578182147,24.597442724333952,54.33923149559541,33.808986845722295,24,medium,0.8537876186422559,True,0.8062926835147455
Đất bị khô hạn cục bộ do hệ thống tưới nhỏ giọt gặp sự cố rò rỉ nước.,22.555085241123983,22.25420426779089,66.08848604484177,36.267614909287445,12,medium,0.8689025708801015,True,0.9122109769144298
Hỏi ý kiến chuyên gia nông nghiệp về kỹ thuật tỉa cành cho bưởi da xanh.,10.964690588166581,20.78724126583945,46.09443791988939,62.91923666264011,8,low,0.2802584583431297,False,0.8820946077593973
Hỏi ý kiến chuyên gia nông nghiệp về kỹ thuật tỉa cành cho bưởi da xanh.,27.205695904089293,22.946308426375428,55.05852191327586,81.05746430667173,11,medium,0.7572664420593818,True,0.9330387350313905
"Thời tiết nắng nóng kéo dài, độ ẩm không khí giảm mạnh dưới 45%.",20.01347524674121,34.68704490143511,87.37534979998898,76.55828862796528,8,medium,0.8577648079629979,True,0.8954106145594738
Ứng dụng phân bón lá và thuốc trừ sâu sinh học định kỳ hàng tháng.,32.2377648091898,35.15597395202111,80.06698724388872,72.70460955748486,11,medium,0.7156188800294275,True,0.8480089748781475
Ứng dụng phân bón lá và thuốc trừ sâu sinh học định kỳ hàng tháng.,68.92688176671557,36.872985196948136,42.374555468835645,39.06481486511904,20,high,0.9105341738957357,True,0.9226677994785417
Báo cáo nông sản thu hoạch đạt chất lượng VietGAP xuất khẩu.,34.18758910454577,22.71216993877779,58.83109998184506,52.73790471123938,4,medium,0.8712008302330441,True,0.876254082037442
Báo cáo nông sản thu hoạch đạt chất lượng VietGAP xuất khẩu.,7.415149879094507,22.728248688578123,45.156630635505614,61.74450308081525,24,low,0.4163925379651052,False,0.8304136106413689
Đất bị khô hạn cục bộ do hệ thống tưới nhỏ giọt gặp sự cố rò rỉ nước.,39.06296276042769,34.61153990358278,80.79416338321116,78.47979288212618,3,medium,0.7287616488802926,True,0.8602241473791933
Đất bị khô hạn cục bộ do hệ thống tưới nhỏ giọt gặp sự cố rò rỉ nước.,46.029221894461614,25.596720740135975,80.829142781488,74.83151114642024,1,high,0.8030615249188644,True,0.9175687676728096
Hỏi ý kiến chuyên gia nông nghiệp về kỹ thuật tỉa cành cho bưởi da xanh.,36.69114195083136,35.2648602403539,86.19801891552004,75.79742581408738,13,medium,0.7587193624479188,True,0.943711022017907
Phát hiện vệt đốm nâu diện rộng trên lá lúa nghi ngờ do nấm đạo ôn.,47.48651759985993,33.61276384204615,86.30837043231898,55.867547975598214,18,high,0.9889369579119017,True,0.8552464295760273
"Thời tiết nắng nóng kéo dài, độ ẩm không khí giảm mạnh dưới 45%.",45.035562593824906,34.04719597065094,51.946500373016576,37.58025945375795,5,high,0.8196603338461008,True,0.904342721974521
"Thời tiết nắng nóng kéo dài, độ ẩm không khí giảm mạnh dưới 45%.",2.0349966240767614,23.003932121387678,49.97256039590279,51.32204771127168,16,low,0.35587079343193667,False,0.8913848490783636
Ứng dụng phân bón lá và thuốc trừ sâu sinh học định kỳ hàng tháng.,50.63833359286004,21.874472442565175,52.399131550503164,68.66188925382723,23,high,0.8750114233129719,True,0.9014701905839543
Đất bị khô hạn cục bộ do hệ thống tưới nhỏ giọt gặp sự cố rò rỉ nước.,42.15019508367367,20.412790602824757,57.715940232605206,65.00698580770347,18,high,0.7169797694807539,True,0.8501357478044091
Ứng dụng phân bón lá và thuốc trừ sâu sinh học định kỳ hàng tháng.,68.73784333123017,23.77715590741537,85.38218672163634,58.61631173052597,12,high,0.7427612327448223,True,0.8492289130413968
Báo cáo nông sản thu hoạch đạt chất lượng VietGAP xuất khẩu.,16.510031940058095,26.685596033714823,43.439822479355264,74.07518037007355,14,low,0.4994216289875324,False,0.9772915329552759
"Thời tiết nắng nóng kéo dài, độ ẩm không khí giảm mạnh dưới 45%.",12.143605198617006,31.475958760464135,67.28915112622707,39.80388567975529,14,low,0.29346671139370084,False,0.9595624342707673
Đăng ký lịch bón phân hữu cơ NPK định kỳ cho vườn sầu riêng diện tích 2ha.,51.799047067992824,37.10562955275065,51.16150021661962,61.105248070679224,9,high,0.7970082737351603,True,0.8039295062798097
Phát hiện vệt đốm nâu diện rộng trên lá lúa nghi ngờ do nấm đạo ôn.,41.006710218033135,30.556623659396728,78.37188451360413,81.12893075816262,18,high,0.9727969810834487,True,0.8388945138298661
Ứng dụng phân bón lá và thuốc trừ sâu sinh học định kỳ hàng tháng.,15.787893094801284,26.784454965254696,65.39530474868101,56.449830041418835,20,low,0.3103654103582624,False,0.8917640856962175
Ứng dụng phân bón lá và thuốc trừ sâu sinh học định kỳ hàng tháng.,44.181945216969446,20.897156500092947,89.71523316432061,80.0164605604618,23,high,0.911557386309195,True,0.9148269348486664
Ứng dụng phân bón lá và thuốc trừ sâu sinh học định kỳ hàng tháng.,15.765659158794282,22.36428934660832,61.93598163370512,80.74426819482844,24,low,0.48481511737921024,False,0.8131020231077201
Hỏi ý kiến chuyên gia nông nghiệp về kỹ thuật tỉa cành cho bưởi da xanh.,3.1216435861073077,20.65317720704304,55.164591920255376,45.158678627342,13,low,0.23734116994732712,False,0.8516704479644399
Ứng dụng phân bón lá và thuốc trừ sâu sinh học định kỳ hàng tháng.,30.022081520272703,35.20620985314839,54.74764610525324,38.60099924218964,3,medium,0.7097479440531519,True,0.8093979805183033
Đất bị khô hạn cục bộ do hệ thống tưới nhỏ giọt gặp sự cố rò rỉ nước.,39.339499322676474,26.226568055030498,57.33542366035475,72.45217493998916,5,medium,0.960951670249309,True,0.8032735095163235
Đăng ký lịch bón phân hữu cơ NPK định kỳ cho vườn sầu riêng diện tích 2ha.,67.43761039494854,30.083027302313155,91.52523541182005,32.87418336073131,11,high,0.9284367745030355,True,0.8936638169707591
"Thời tiết nắng nóng kéo dài, độ ẩm không khí giảm mạnh dưới 45%.",68.69079633480726,24.61754112399646,75.97960308107409,40.895369801785705,23,high,0.798096300546381,True,0.8463048115059792
"Thời tiết nắng nóng kéo dài, độ ẩm không khí giảm mạnh dưới 45%.",42.59690908875266,26.29111469756274,46.275268168836334,38.3185755804214,3,high,0.8212170808224404,True,0.8133260367631346
Ứng dụng phân bón lá và thuốc trừ sâu sinh học định kỳ hàng tháng.,39.28559517977674,29.421036404738594,46.31228795280696,77.30768313421892,10,medium,0.7196238249510004,True,0.9061752645844653
Phát hiện vệt đốm nâu diện rộng trên lá lúa nghi ngờ do nấm đạo ôn.,42.90301126033644,24.070646928618935,86.58053004487078,53.574680083376165,4,high,0.9742524626300819,True,0.9274963057220993
Đất bị khô hạn cục bộ do hệ thống tưới nhỏ giọt gặp sự cố rò rỉ nước.,6.829375716750982,35.5157643512769,65.30892454686418,71.2106041982677,11,medium,0.7180592007057468,True,0.8768753973155498
Hỏi ý kiến chuyên gia nông nghiệp về kỹ thuật tỉa cành cho bưởi da xanh.,24.91813616563969,37.60511272352352,83.66943440024033,57.34907616730785,6,medium,0.9529193530065182,True,0.8817271638626774
Hỏi ý kiến chuyên gia nông nghiệp về kỹ thuật tỉa cành cho bưởi da xanh.,52.97260539820445,29.34894547107087,51.26847007828919,78.28065429836224,21,high,0.7468697452729027,True,0.8383240016983408
"Thời tiết nắng nóng kéo dài, độ ẩm không khí giảm mạnh dưới 45%.",31.586754092669167,37.72981381053575,82.46068619704947,31.49420816740579,24,medium,0.7273040539364524,True,0.8515494788913655
Hỏi ý kiến chuyên gia nông nghiệp về kỹ thuật tỉa cành cho bưởi da xanh.,37.709125856689994,28.960625144617225,45.80105349761468,66.12290575983617,24,medium,0.8152406032407418,True,0.8140111957962943
"Thời tiết nắng nóng kéo dài, độ ẩm không khí giảm mạnh dưới 45%.",67.51336577305682,23.667796264298403,68.78312971571077,45.79258769465166,8,high,0.8675020761055356,True,0.8951873626325455
Báo cáo nông sản thu hoạch đạt chất lượng VietGAP xuất khẩu.,44.987226037069654,23.52513462656454,89.33268617329439,58.6104787788355,19,high,0.8617678556594683,True,0.8249051470124293
Đăng ký lịch bón phân hữu cơ NPK định kỳ cho vườn sầu riêng diện tích 2ha.,25.41705156438073,36.14935413736314,49.28698136727274,57.88781071259926,0,medium,0.7096812445180505,True,0.854553968713421
Hỏi ý kiến chuyên gia nông nghiệp về kỹ thuật tỉa cành cho bưởi da xanh.,57.42642552142813,25.63691590671108,83.92262998105132,83.22657324068638,18,high,0.9559007468381282,True,0.9205405303162303
Ứng dụng phân bón lá và thuốc trừ sâu sinh học định kỳ hàng tháng.,22.37667827083813,37.791487809417376,66.6947440737938,36.733864409741756,12,medium,0.793673247532002,True,0.9495617235622492
Đất bị khô hạn cục bộ do hệ thống tưới nhỏ giọt gặp sự cố rò rỉ nước.,29.92427815444306,22.920201304084628,40.693413598666744,60.78656260011104,0,medium,0.7085156061396938,True,0.9234437669332229
Đất bị khô hạn cục bộ do hệ thống tưới nhỏ giọt gặp sự cố rò rỉ nước.,5.558460925012066,33.16693682612652,50.30765692536702,77.19973792364402,19,medium,0.9662803198906048,True,0.8166122667978437
Hỏi ý kiến chuyên gia nông nghiệp về kỹ thuật tỉa cành cho bưởi da xanh.,22.004507922862388,28.481022180790664,85.19002937407595,55.25958584452677,20,medium,0.7737533745417118,True,0.9228882657307191
