description,prior_gpa,attendance_rate,late_submissions_count,lms_activity_score,midterm_grade,risk_level,priority_score,needs_human_review,confidence_score
Yêu cầu rút bớt môn học trong thời gian quy định do trùng lịch.,3.4727402724064884,0.6733739159464655,7,67.89267873576293,4.092130483097056,high,0.6967983561008608,True,0.75871254182523
Học viên tích cực phát biểu trên lớp và hoàn thành xuất sắc bài tập lớn.,3.0623415246607384,0.8832290311184181,5,24.51292632216802,8.053991405867773,low,0.4284934481555125,False,0.8501012395593318
Sinh viên hỏi về thủ tục đăng ký học phần tự chọn và thời gian đóng học phí.,2.185149470692211,0.7216968971838151,5,20.565304417577394,3.1614369752899103,medium,0.8074323980775168,True,0.8099791457572884
Sinh viên hỏi về thủ tục đăng ký học phần tự chọn và thời gian đóng học phí.,3.8448865895670643,0.6931085361721216,5,82.81407691144109,4.397716475108519,high,0.8042703315240834,True,0.8388621853293063
Yêu cầu tư vấn định hướng ngành học và hỗ trợ học bổng học tập.,3.605874854146273,0.8721230154351118,0,25.20412743882236,9.642198760773333,low,0.43797121157609575,False,0.95509165525514
Sinh viên vắng mặt liên tiếp 3 tuần học phần Lập trình Python ứng dụng.,1.8335291296624499,0.6923575302488596,3,55.21219949916811,3.8542676439134516,high,0.7985530730333811,True,0.7551582781672828
"Sinh viên vi phạm quy chế thi cử lần đầu, cần xem xét cảnh cáo học vụ.",2.6212272759038058,0.672894435115225,3,44.93688608715288,6.640476148244676,high,0.8140130838029839,True,0.7777281683288291
Yêu cầu rút bớt môn học trong thời gian quy định do trùng lịch.,3.5687980266494965,0.7799016533479063,1,91.5861880342119,7.185299851677596,medium,0.926562270506935,True,0.7632738753077879
Yêu cầu rút bớt môn học trong thời gian quy định do trùng lịch.,2.8937519460542296,0.9844688097397396,4,51.09418317515856,4.899443222417272,medium,0.8986212527455788,True,0.8035129990040384
Sinh viên hỏi về thủ tục đăng ký học phần tự chọn và thời gian đóng học phí.,3.0747719201420374,0.7103996728090174,4,84.17575846032318,3.521854505758396,medium,0.9460660809801551,True,0.8658367153944986
Sinh viên hỏi về thủ tục đăng ký học phần tự chọn và thời gian đóng học phí.,2.41632516690788,0.6056319290860338,2,76.54858750780937,8.10305017628691,high,0.8813811040057837,True,0.7611066977601135
Yêu cầu rút bớt môn học trong thời gian quy định do trùng lịch.,3.167261753554083,0.9659838702175123,0,69.86385014620464,5.316286173968544,low,0.12224542260010827,False,0.8904277018230361
Học viên tích cực phát biểu trên lớp và hoàn thành xuất sắc bài tập lớn.,3.3321729745099344,0.8550229885420852,2,64.8994740678161,5.680488123276529,low,0.4400992333861863,False,0.9603587971545908
Học viên tích cực phát biểu trên lớp và hoàn thành xuất sắc bài tập lớn.,2.9786821148959417,0.9083868719818244,6,23.234687163074508,7.974640227800512,low,0.13881178728414095,False,0.9071137452425501
Yêu cầu tư vấn định hướng ngành học và hỗ trợ học bổng học tập.,1.8660012899421419,0.8545641645055122,3,65.06204575811068,7.868612604982893,low,0.1487660090420565,False,0.9285742593061163
Yêu cầu rút bớt môn học trong thời gian quy định do trùng lịch.,3.3866573909404023,0.6915192661966489,7,67.90923731908288,7.863494531277932,high,0.9141403517045773,True,0.843653107220069
"Sinh viên vi phạm quy chế thi cử lần đầu, cần xem xét cảnh cáo học vụ.",3.130147888671889,0.9485842360750871,3,37.47523497734669,5.915569635092563,medium,0.9149840776756605,True,0.7986517531507911
Yêu cầu rút bớt môn học trong thời gian quy định do trùng lịch.,3.6817917298393352,0.7272013899887455,0,41.77057995077082,7.533830843789536,medium,0.6501561130985948,True,0.8028853284501254
Yêu cầu tư vấn định hướng ngành học và hỗ trợ học bổng học tập.,1.8145994741155005,0.8042989210310263,0,58.78639770871865,7.847052230231892,low,0.1942943168294825,False,0.8817363178922106
Yêu cầu tư vấn định hướng ngành học và hỗ trợ học bổng học tập.,2.478726157243586,0.8075162486973464,0,52.30689368464326,3.454245729762871,medium,0.7261746241803034,True,0.7870314094257902
Yêu cầu rút bớt môn học trong thời gian quy định do trùng lịch.,2.8442218623740096,0.7203513239267079,0,99.81923880391535,4.867467099926995,medium,0.9429844867497958,True,0.8116555519977346
Yêu cầu rút bớt môn học trong thời gian quy định do trùng lịch.,2.385157574896884,0.9633063543866615,2,74.45643612438134,6.716542083219955,low,0.25672410760058206,False,0.9218761015792726
Yêu cầu rút bớt môn học trong thời gian quy định do trùng lịch.,3.211484649552345,0.9046478461314871,2,39.37279506219407,8.621978294659272,low,0.2646052220561135,False,0.9778450083163296
"Sinh viên vi phạm quy chế thi cử lần đầu, cần xem xét cảnh cáo học vụ.",2.9251268365569927,0.6361159080217633,0,32.057403517234356,6.55739143718503,high,0.8587438420372645,True,0.878753820722058
Sinh viên hỏi về thủ tục đăng ký học phần tự chọn và thời gian đóng học phí.,3.2228851598687926,0.6066351315711425,2,84.76008369117723,5.440661911042106,high,0.6788529653274262,True,0.8910784896734406
Yêu cầu rút bớt môn học trong thời gian quy định do trùng lịch.,3.767132976347142,0.6550083776583973,3,78.81728953926176,4.463501345163996,high,0.8124343921482697,True,0.8543676599017623
Yêu cầu rút bớt môn học trong thời gian quy định do trùng lịch.,3.185966496671776,0.9268888800804863,0,61.33087130168114,4.825804223812863,medium,0.9488761099273773,True,0.894812902693319
Học viên tích cực phát biểu trên lớp và hoàn thành xuất sắc bài tập lớn.,3.6908779200429938,0.8532405829093072,0,42.30970820737455,7.902504809809399,low,0.39633139978340703,False,0.961322157944152
"Sinh viên vi phạm quy chế thi cử lần đầu, cần xem xét cảnh cáo học vụ.",3.4377386463010096,0.8568126584617151,2,94.8507995376758,8.497384557797606,medium,0.8506964764142686,True,0.8371029932154682
"Sinh viên vi phạm quy chế thi cử lần đầu, cần xem xét cảnh cáo học vụ.",3.7742802291613344,0.989465534702127,1,32.86464411339989,6.841136525566103,medium,0.857568559307808,True,0.84779418892539
Sinh viên vắng mặt liên tiếp 3 tuần học phần Lập trình Python ứng dụng.,2.1694430306224253,0.6072301454462083,5,46.03197585274142,8.225439835826169,high,0.8448898697141644,True,0.8773835115741266
Sinh viên vắng mặt liên tiếp 3 tuần học phần Lập trình Python ứng dụng.,2.446927662890017,0.8170160922219597,2,49.41726424475468,4.856416573772078,medium,0.7231968930137251,True,0.8959515832128668
Học viên tích cực phát biểu trên lớp và hoàn thành xuất sắc bài tập lớn.,2.8221585212148557,0.9624395150874216,2,83.58490428333187,6.518459651736345,low,0.3019163596192257,False,0.9140273001964523
Học viên tích cực phát biểu trên lớp và hoàn thành xuất sắc bài tập lớn.,2.283389063307266,0.7996773519539009,3,21.945277314516307,7.518306071350175,medium,0.7031332038221147,True,0.8910687876529372
Học viên tích cực phát biểu trên lớp và hoàn thành xuất sắc bài tập lớn.,2.387076717773193,0.9533976089065036,3,21.236529322309394,9.498229938114077,low,0.24986445191106002,False,0.975665126475677
Yêu cầu tư vấn định hướng ngành học và hỗ trợ học bổng học tập.,3.8586963258036953,0.6301385024024513,4,50.807818288154024,8.957956700617999,high,0.7450766015468833,True,0.7754239120029138
Sinh viên vắng mặt liên tiếp 3 tuần học phần Lập trình Python ứng dụng.,2.6288520802998914,0.9376852562905246,2,65.6048936071492,3.68023545639538,medium,0.8345021680097509,True,0.8985080775156395
Sinh viên nộp bài tập muộn và có điểm thi giữa kỳ dưới trung bình.,2.333743663046451,0.7181162353675755,1,79.26148942033635,7.879110186966876,medium,0.8607452251961327,True,0.8039236726829633
Học viên tích cực phát biểu trên lớp và hoàn thành xuất sắc bài tập lớn.,2.422671301660377,0.7679123425785106,1,89.3657854864083,9.392683867895299,medium,0.8034027196582814,True,0.8252274442030799
Học viên tích cực phát biểu trên lớp và hoàn thành xuất sắc bài tập lớn.,2.2079753023752886,0.628376366799971,5,83.66341355488808,9.230037392722963,high,0.7513985470554607,True,0.8063374428959916
Sinh viên nộp bài tập muộn và có điểm thi giữa kỳ dưới trung bình.,2.7207956583379826,0.8688104541180797,2,57.24784145059681,6.798512442953037,low,0.20028943824489953,False,0.9268083238739714
"Sinh viên vi phạm quy chế thi cử lần đầu, cần xem xét cảnh cáo học vụ.",2.3255278570833147,0.6155338937717693,6,48.81525131290103,3.8894235885631936,high,0.8066729780164413,True,0.8654990329647916
Sinh viên hỏi về thủ tục đăng ký học phần tự chọn và thời gian đóng học phí.,3.8270288438206164,0.7829060646454914,5,24.134537693488618,6.719482420977036,medium,0.812190536483032,True,0.845614485224731
Sinh viên hỏi về thủ tục đăng ký học phần tự chọn và thời gian đóng học phí.,2.0787653867102365,0.9878147468456636,1,45.836517835299674,8.566303363380925,low,0.19479128794172598,False,0.9070662846917327
Yêu cầu rút bớt môn học trong thời gian quy định do trùng lịch.,2.3268071074279884,0.673733469732548,5,86.87840964097647,7.871819442655886,high,0.7726858833242809,True,0.7759941480106268
Sinh viên vắng mặt liên tiếp 3 tuần học phần Lập trình Python ứng dụng.,2.7289396824353194,0.6959149436629612,5,77.16767381600499,7.621381637024119,high,0.7339801690837828,True,0.8932297920994792
Yêu cầu rút bớt môn học trong thời gian quy định do trùng lịch.,3.17993378985035,0.7742691594711564,4,53.568004994223195,4.7341169265081025,medium,0.7567918035953785,True,0.8636769165696554
Sinh viên vắng mặt liên tiếp 3 tuần học phần Lập trình Python ứng dụng.,2.517947300104443,0.6367196263253767,6,23.25830418551761,8.98822408807705,high,0.8610973578140071,True,0.8211260743630988
Sinh viên nộp bài tập muộn và có điểm thi giữa kỳ dưới trung bình.,3.4030652883082126,0.9227651908203118,3,33.856149592801216,6.036961544665811,low,0.2394766570390807,False,0.9300605127467881
Học viên tích cực phát biểu trên lớp và hoàn thành xuất sắc bài tập lớn.,3.6620288133258994,0.7043574493366855,1,70.0687932571389,6.521953810060614,medium,0.9069469523564966,True,0.8488040447428418
Sinh viên hỏi về thủ tục đăng ký học phần tự chọn và thời gian đóng học phí.,3.093287445218819,0.9775566418243029,1,22.120904843329747,7.100429068914243,low,0.4290805844987351,False,0.9248116431238642
Sinh viên nộp bài tập muộn và có điểm thi giữa kỳ dưới trung bình.,3.0040707875110595,0.651400141293564,4,63.6493431452748,9.590253661435677,high,0.7658307913402322,True,0.8941785845735871
Sinh viên nộp bài tập muộn và có điểm thi giữa kỳ dưới trung bình.,2.234037155741165,0.7095844509284535,3,28.062240110194132,3.127552779560848,medium,0.6783328882267785,True,0.8524510160124535
Sinh viên vắng mặt liên tiếp 3 tuần học phần Lập trình Python ứng dụng.,3.1770175342995586,0.754158648386226,1,21.86175485886607,8.70127937812255,medium,0.73455643243202,True,0.7677247241432484
Học viên tích cực phát biểu trên lớp và hoàn thành xuất sắc bài tập lớn.,2.5315068693517144,0.9746592607422829,7,78.80568350431086,8.624366512693939,low,0.19871210039995726,False,0.8730671406913639
Sinh viên vắng mặt liên tiếp 3 tuần học phần Lập trình Python ứng dụng.,2.9938925958749123,0.8303698301032338,2,53.00941415291412,5.604126600549482,medium,0.882923888222599,True,0.8011205310379527
"Sinh viên vi phạm quy chế thi cử lần đầu, cần xem xét cảnh cáo học vụ.",2.9799200535019246,0.695438743916136,6,80.06968542331978,8.281800118592777,high,0.6809371606507798,True,0.885382936001935
"Sinh viên vi phạm quy chế thi cử lần đầu, cần xem xét cảnh cáo học vụ.",2.842778500434463,0.7558472344876814,4,91.64185827969604,5.724411751139142,medium,0.6532512954440896,True,0.8858072964628896
Sinh viên hỏi về thủ tục đăng ký học phần tự chọn và thời gian đóng học phí.,2.5453008999717133,0.9827203540505826,6,96.04857175500449,7.014065216863003,low,0.32114302425942975,False,0.9082979178571815
Yêu cầu tư vấn định hướng ngành học và hỗ trợ học bổng học tập.,3.0651259443923498,0.8214812209383203,4,80.1899623550144,8.54105330608094,low,0.3763663499780938,False,0.8618567933963297
Sinh viên nộp bài tập muộn và có điểm thi giữa kỳ dưới trung bình.,3.845921237922261,0.9983724968121317,1,55.32244010987016,9.213929279308099,low,0.22282025439322756,False,0.8652187121355888
Sinh viên hỏi về thủ tục đăng ký học phần tự chọn và thời gian đóng học phí.,3.244863021367582,0.9347855496949495,0,28.08981408982322,3.5887476428049823,medium,0.8602907394377359,True,0.7609144509546291
Sinh viên nộp bài tập muộn và có điểm thi giữa kỳ dưới trung bình.,3.672983508431231,0.6586419286768102,4,26.787017126815353,9.90647704950823,high,0.7622812387268361,True,0.8055963220600336
Sinh viên hỏi về thủ tục đăng ký học phần tự chọn và thời gian đóng học phí.,2.2970389067323653,0.9630774825394185,4,80.27025482071534,5.63381709871641,low,0.12922525084453407,False,0.9510290990705668
"Sinh viên vi phạm quy chế thi cử lần đầu, cần xem xét cảnh cáo học vụ.",3.2806771650229853,0.6994896617721151,2,28.895798584492105,6.448375730036014,high,0.6534060934302257,True,0.820299096299119
Sinh viên nộp bài tập muộn và có điểm thi giữa kỳ dưới trung bình.,3.3560451079124034,0.9068779412434287,6,71.93682416928509,8.222314154857962,low,0.30417906778400583,False,0.9750824313016904
Yêu cầu rút bớt môn học trong thời gian quy định do trùng lịch.,2.803201270848478,0.6331565286773416,0,37.88766708155621,9.74255777608428,high,0.653646342406945,True,0.8954818240061458
Học viên tích cực phát biểu trên lớp và hoàn thành xuất sắc bài tập lớn.,2.4776414153829256,0.6173603133192691,4,99.43718368954403,3.5165759531477923,high,0.8161562853203962,True,0.8953953803428649
Sinh viên nộp bài tập muộn và có điểm thi giữa kỳ dưới trung bình.,2.1490524070094312,0.6867236426345965,6,56.36328518142186,7.392906560588444,high,0.8252942935769301,True,0.8851737015736484
Sinh viên vắng mặt liên tiếp 3 tuần học phần Lập trình Python ứng dụng.,3.722034117505123,0.9834809629631385,7,91.2211027112733,6.18959726949999,medium,0.836039779340461,True,0.7916071774471699
Sinh viên hỏi về thủ tục đăng ký học phần tự chọn và thời gian đóng học phí.,3.1583815595043196,0.7553073535959489,3,66.69248894806977,3.544142458754894,medium,0.9423184422998498,True,0.8979316116719405
"Sinh viên vi phạm quy chế thi cử lần đầu, cần xem xét cảnh cáo học vụ.",1.867863497330266,0.7119054028675783,4,85.10360157655589,7.793118207877155,medium,0.6987850818034674,True,0.8866390776740765
Học viên tích cực phát biểu trên lớp và hoàn thành xuất sắc bài tập lớn.,3.7751168369843047,0.7666556230953917,4,69.07321567486319,5.927701254034332,medium,0.929818545006204,True,0.8799095834250612
Học viên tích cực phát biểu trên lớp và hoàn thành xuất sắc bài tập lớn.,2.146151948387702,0.7645020466341477,5,84.84426646254663,9.91093290520461,medium,0.6951250673310585,True,0.8391196073028203
Yêu cầu rút bớt môn học trong thời gian quy định do trùng lịch.,2.625277842855604,0.9316656882826058,0,87.06629637689103,6.280852118564792,low,0.2451868258181828,False,0.8855429193509918
Yêu cầu rút bớt môn học trong thời gian quy định do trùng lịch.,3.615916990135611,0.925160403652031,6,79.99285995759774,9.3921602658035,low,0.3048023363139152,False,0.9443957097293403
Sinh viên nộp bài tập muộn và có điểm thi giữa kỳ dưới trung bình.,3.584259520422564,0.6989392406972791,5,36.40362628052199,4.760097076582589,high,0.7324195391077726,True,0.7810841473512085
Sinh viên vắng mặt liên tiếp 3 tuần học phần Lập trình Python ứng dụng.,3.210571437252299,0.8472512961831583,3,41.49379856202459,3.1552931942121116,medium,0.7994495559937679,True,0.8214316045183522
Yêu cầu tư vấn định hướng ngành học và hỗ trợ học bổng học tập.,2.8923433523351862,0.940872600127416,5,97.43790123518585,3.618857563559526,medium,0.8875453518408898,True,0.8384933845706455
Yêu cầu rút bớt môn học trong thời gian quy định do trùng lịch.,1.860443620258012,0.9020549022694476,4,71.1489085579394,8.635312672635532,low,0.41610287053681916,False,0.9302442825726479
Sinh viên nộp bài tập muộn và có điểm thi giữa kỳ dưới trung bình.,2.5362338734938534,0.8359670747418533,5,64.38524868337805,3.6370146373593117,medium,0.8679191097950685,True,0.8321169460348667
Sinh viên vắng mặt liên tiếp 3 tuần học phần Lập trình Python ứng dụng.,3.4456713267564005,0.7586171129285081,6,61.888182081200895,7.883493100454244,medium,0.8889415327021631,True,0.8189020211919259
Sinh viên vắng mặt liên tiếp 3 tuần học phần Lập trình Python ứng dụng.,2.83344421546703,0.7032977553195834,7,23.668901312370636,7.345639790954639,medium,0.7542240224676242,True,0.7813696186617771
Yêu cầu tư vấn định hướng ngành học và hỗ trợ học bổng học tập.,2.3043057994342053,0.6303453312434656,0,56.80953271868576,7.093362741644076,high,0.7700901466730844,True,0.8546501360545398
Sinh viên hỏi về thủ tục đăng ký học phần tự chọn và thời gian đóng học phí.,2.181948177238204,0.7382669133295453,2,89.94540838835337,6.606652384049476,medium,0.9419331047810313,True,0.840290309331144
Yêu cầu tư vấn định hướng ngành học và hỗ trợ học bổng học tập.,1.8858240941596056,0.6675740252288658,3,47.80953715861468,3.2226327703961557,high,0.8146145927622226,True,0.8301635255598785
Sinh viên hỏi về thủ tục đăng ký học phần tự chọn và thời gian đóng học phí.,2.233300808652164,0.7457079444192302,5,46.40796106481243,5.251079352760203,medium,0.6776871758686238,True,0.822171809108444
"Sinh viên vi phạm quy chế thi cử lần đầu, cần xem xét cảnh cáo học vụ.",1.971693967092631,0.9494314496427109,6,50.18287721936581,3.018165170685526,medium,0.9104903321106761,True,0.7626775511521023
Yêu cầu tư vấn định hướng ngành học và hỗ trợ học bổng học tập.,2.1874941406483925,0.6837397293346841,6,93.92334072859465,4.65281573182183,high,0.8779866226812757,True,0.8296898630960301
Sinh viên nộp bài tập muộn và có điểm thi giữa kỳ dưới trung bình.,3.3696889700808885,0.6146732811562391,7,30.64935428699826,7.810158537823318,high,0.9033322017900887,True,0.8624424348012881
Sinh viên hỏi về thủ tục đăng ký học phần tự chọn và thời gian đóng học phí.,2.0250612238135295,0.7789649467293819,2,51.7731066003266,3.7340841657273662,medium,0.8712215618281457,True,0.7773425817713937
Yêu cầu rút bớt môn học trong thời gian quy định do trùng lịch.,2.476366247724674,0.6845792027986178,1,62.82684512124188,4.632514880848609,high,0.7528780592834781,True,0.8210954912145835
Sinh viên nộp bài tập muộn và có điểm thi giữa kỳ dưới trung bình.,3.4572596010754104,0.799376879571623,6,66.73595877713353,8.15775732776439,medium,0.8173226797851312,True,0.8379803151991139
Sinh viên hỏi về thủ tục đăng ký học phần tự chọn và thời gian đóng học phí.,2.067918635870684,0.7135103623194898,5,91.97179177160098,7.25288655605501,medium,0.7233059466393964,True,0.824737154677341
"Sinh viên vi phạm quy chế thi cử lần đầu, cần xem xét cảnh cáo học vụ.",3.072127120649463,0.6948907166943978,5,38.02662381700226,5.557497737718403,high,0.7963429402426214,True,0.877622627675422
"Sinh viên vi phạm quy chế thi cử lần đầu, cần xem xét cảnh cáo học vụ.",2.398699854257079,0.6693494381179019,6,87.38512282385453,3.3614483451215897,high,0.6554727444285083,True,0.8545442193549633
Yêu cầu rút bớt môn học trong thời gian quy định do trùng lịch.,3.6828815522454432,0.830399367122264,2,89.24057007151842,8.719504496644959,low,0.19026598946572892,False,0.8722153863607085
Yêu cầu tư vấn định hướng ngành học và hỗ trợ học bổng học tập.,3.52380909362204,0.8873829083346214,2,65.72901515759199,4.959853655621989,medium,0.8808478799575811,True,0.7780565622836285
"Sinh viên vi phạm quy chế thi cử lần đầu, cần xem xét cảnh cáo học vụ.",3.2930002055571714,0.6798027709353279,3,39.392778593206415,3.8038577731744248,high,0.8331860127324897,True,0.7932945829860384
Học viên tích cực phát biểu trên lớp và hoàn thành xuất sắc bài tập lớn.,2.862818308354629,0.9728057369027736,4,62.60715460412687,3.362764757756988,medium,0.7509812834581762,True,0.7701622015408461
Yêu cầu rút bớt môn học trong thời gian quy định do trùng lịch.,2.952736157766852,0.6806921849320944,7,84.7899556683708,4.782484583346347,high,0.8544508166671787,True,0.864034178983453
Yêu cầu tư vấn định hướng ngành học và hỗ trợ học bổng học tập.,2.7936490222089736,0.8424407524223354,2,47.90946132343962,9.506704009734781,low,0.39071679272570514,False,0.9754534983866466
"Sinh viên vi phạm quy chế thi cử lần đầu, cần xem xét cảnh cáo học vụ.",3.7591699409099046,0.9963717905829562,1,34.498645293252814,3.4654738715674425,medium,0.8723361947870176,True,0.8361709669769868
Học viên tích cực phát biểu trên lớp và hoàn thành xuất sắc bài tập lớn.,2.093521990915208,0.918106924743956,5,83.96297047356126,8.77592873684958,low,0.16524174537585046,False,0.88063992698845
"Sinh viên vi phạm quy chế thi cử lần đầu, cần xem xét cảnh cáo học vụ.",2.8984373920151505,0.743532193649401,4,67.06453406360453,7.780874443919927,medium,0.7855845803897118,True,0.8570673682282989
Yêu cầu tư vấn định hướng ngành học và hỗ trợ học bổng học tập.,3.110613242781859,0.8159124247658532,6,60.217631207398334,4.625488866027721,medium,0.9198723719823705,True,0.8075836832059817
"Sinh viên vi phạm quy chế thi cử lần đầu, cần xem xét cảnh cáo học vụ.",1.9399001360207158,0.6916101563699185,6,29.351843256669127,9.578824865294326,high,0.8383124159214254,True,0.8002358421985629
Sinh viên hỏi về thủ tục đăng ký học phần tự chọn và thời gian đóng học phí.,3.4674528974676213,0.8480291023714054,3,79.31687289112364,7.012055944801721,low,0.4491924155733451,False,0.947812405605047
Học viên tích cực phát biểu trên lớp và hoàn thành xuất sắc bài tập lớn.,2.3218271936103783,0.8975785170290708,5,36.36356745355706,7.998448575565299,low,0.27289352049580196,False,0.9481025879418151
"Sinh viên vi phạm quy chế thi cử lần đầu, cần xem xét cảnh cáo học vụ.",3.524640339811227,0.6442526947820829,3,56.56001754253427,7.227705104507588,high,0.800686504238759,True,0.8309790955669255
Học viên tích cực phát biểu trên lớp và hoàn thành xuất sắc bài tập lớn.,2.281427929988547,0.8889010273572264,1,20.97624578544356,7.1890989084365895,low,0.2979279215630408,False,0.9431032797152837
Yêu cầu tư vấn định hướng ngành học và hỗ trợ học bổng học tập.,2.525961586358231,0.6726390867205703,1,47.40194057428347,4.5914568812099095,high,0.7770790587261449,True,0.7931894424713589
Yêu cầu tư vấn định hướng ngành học và hỗ trợ học bổng học tập.,2.1220379465437684,0.8344919328067189,5,28.06356824127092,4.792108722975636,medium,0.8678286758187201,True,0.8389444357888233
Sinh viên hỏi về thủ tục đăng ký học phần tự chọn và thời gian đóng học phí.,2.9867796855373383,0.8786603295507569,7,21.841808383011,7.559570476917723,low,0.3699363339819083,False,0.8986765980636549
Sinh viên vắng mặt liên tiếp 3 tuần học phần Lập trình Python ứng dụng.,2.6906744097350104,0.8945776942498891,7,87.23517055843384,9.374803387789992,medium,0.6868432345537201,True,0.7853859051892622
Sinh viên nộp bài tập muộn và có điểm thi giữa kỳ dưới trung bình.,3.5616859815364617,0.6498650724813068,0,46.571713012395115,5.180109848319488,high,0.7182186862631338,True,0.8411841590691388
Yêu cầu rút bớt môn học trong thời gian quy định do trùng lịch.,1.9149994415262659,0.7340788966583603,3,83.02319109715938,7.226050722110973,medium,0.6842801900167064,True,0.8121756876305442
Sinh viên nộp bài tập muộn và có điểm thi giữa kỳ dưới trung bình.,3.7316967944667967,0.7385383977463845,1,58.46695824712589,9.429183074575107,medium,0.8261204672409701,True,0.7549270005365157
Yêu cầu tư vấn định hướng ngành học và hỗ trợ học bổng học tập.,2.09579974279758,0.6705547946024893,6,33.24106539423791,3.237154121726165,high,0.7434419513398273,True,0.8670743561319132
Yêu cầu tư vấn định hướng ngành học và hỗ trợ học bổng học tập.,3.1277550046310134,0.6052377826353335,4,61.21389459254501,9.828789209779295,high,0.7876966964051039,True,0.8335958053335072
"Sinh viên vi phạm quy chế thi cử lần đầu, cần xem xét cảnh cáo học vụ.",1.979234302965152,0.998749700738379,0,43.96767294131816,5.169558483880277,medium,0.7691954346372794,True,0.8140183358005124
Yêu cầu tư vấn định hướng ngành học và hỗ trợ học bổng học tập.,2.5337126980035993,0.7872927313765518,0,22.923973427847592,6.304468615769995,medium,0.819452339978785,True,0.7598562959142529
"Sinh viên vi phạm quy chế thi cử lần đầu, cần xem xét cảnh cáo học vụ.",3.299524319558639,0.8110590920579144,5,55.26101975505825,5.805341426127281,medium,0.8178920993924653,True,0.7732860368896068
Sinh viên vắng mặt liên tiếp 3 tuần học phần Lập trình Python ứng dụng.,2.5021619037520124,0.6302013455215557,2,49.864745302380236,4.895212712004876,high,0.8431998629717047,True,0.8113101256647145
Yêu cầu rút bớt môn học trong thời gian quy định do trùng lịch.,3.855756014793518,0.9359155437826282,6,72.71391535281211,3.1896719475243844,medium,0.7165916485798849,True,0.7846612194882108
Yêu cầu tư vấn định hướng ngành học và hỗ trợ học bổng học tập.,2.861566546122671,0.8380195918801683,0,83.99328682985515,4.249812634380335,medium,0.8458238323555624,True,0.785727417157009
Sinh viên nộp bài tập muộn và có điểm thi giữa kỳ dưới trung bình.,3.4911614314516006,0.9954915127821771,7,88.45571744850287,8.811539051968941,low,0.2390142353664592,False,0.936851067754184
Học viên tích cực phát biểu trên lớp và hoàn thành xuất sắc bài tập lớn.,2.653423847374396,0.7295960244427199,1,21.04015388085888,3.5985597159812768,medium,0.7123658765438082,True,0.753979830581073
Học viên tích cực phát biểu trên lớp và hoàn thành xuất sắc bài tập lớn.,3.6405325593381166,0.8571702254457012,1,91.41373688615799,8.722104932169087,low,0.2196360730942566,False,0.883725046346068
Sinh viên nộp bài tập muộn và có điểm thi giữa kỳ dưới trung bình.,2.5624243456096902,0.6136912443282116,3,69.93191262793073,5.865881565338682,high,0.815614154255594,True,0.8154189793702975
Sinh viên hỏi về thủ tục đăng ký học phần tự chọn và thời gian đóng học phí.,2.260972102670013,0.9898189060795479,3,31.209054061316202,9.07927583128539,low,0.2706009193873298,False,0.9662917894962318
Sinh viên vắng mặt liên tiếp 3 tuần học phần Lập trình Python ứng dụng.,2.818034571015727,0.8049830623527686,0,63.330737172869355,7.434347538783031,medium,0.7273663056299606,True,0.7709034111109236
Yêu cầu tư vấn định hướng ngành học và hỗ trợ học bổng học tập.,2.685578262561892,0.6529104844501321,4,33.73434286786428,4.906151285635582,high,0.65551720296424,True,0.8871448209840749
Học viên tích cực phát biểu trên lớp và hoàn thành xuất sắc bài tập lớn.,3.51161429964516,0.7992363014044023,1,64.33424020126347,7.559942718463049,medium,0.8989225411121604,True,0.7809631907640905
Sinh viên nộp bài tập muộn và có điểm thi giữa kỳ dưới trung bình.,2.094038931186943,0.7054735210538465,6,89.91120620500122,7.181891715192158,medium,0.830155058130096,True,0.8497555011819383
Yêu cầu rút bớt môn học trong thời gian quy định do trùng lịch.,3.003918194176741,0.9352427852713183,4,50.65108225995979,6.632423936979863,low,0.11643808837126927,False,0.8716168379382903
Yêu cầu tư vấn định hướng ngành học và hỗ trợ học bổng học tập.,2.1871789334258227,0.6361347842310431,2,39.627928774505676,5.725069298293835,high,0.73660812103121,True,0.8033509074697424
Sinh viên vắng mặt liên tiếp 3 tuần học phần Lập trình Python ứng dụng.,3.3152190083560016,0.8441618668031831,5,58.08403217592797,7.645698157538537,medium,0.9310489217974274,True,0.8598858145815376
Sinh viên vắng mặt liên tiếp 3 tuần học phần Lập trình Python ứng dụng.,2.366813567023609,0.8159371115632774,2,67.60623445602039,3.3599806943897526,medium,0.7989098741603708,True,0.8395264273375334
Sinh viên nộp bài tập muộn và có điểm thi giữa kỳ dưới trung bình.,3.1089983569004804,0.7896949234801478,0,26.0110225388647,8.097321293425225,medium,0.7986473948618595,True,0.8532603594641605
Sinh viên nộp bài tập muộn và có điểm thi giữa kỳ dưới trung bình.,2.7653311767983753,0.6303733641478488,1,83.95327031751833,7.862875295980987,high,0.7316435411689888,True,0.8385346000303631
Yêu cầu tư vấn định hướng ngành học và hỗ trợ học bổng học tập.,2.460652769299763,0.9229721007267044,0,30.945490473516912,9.651661476745616,low,0.2561020205352845,False,0.8740672807490205
"Sinh viên vi phạm quy chế thi cử lần đầu, cần xem xét cảnh cáo học vụ.",3.812158665308253,0.9033569655782726,6,84.52489182891598,7.611483566975021,medium,0.8576829693553557,True,0.877379347734798
Sinh viên vắng mặt liên tiếp 3 tuần học phần Lập trình Python ứng dụng.,3.697064006535652,0.8586659676468653,2,99.01344063973175,9.608415377806292,medium,0.6618280434105518,True,0.8558362758773532
Yêu cầu rút bớt môn học trong thời gian quy định do trùng lịch.,3.898642349088253,0.8223226325748718,5,93.23906380704335,3.237621850100592,medium,0.8592260801740519,True,0.7946023511058826
Sinh viên nộp bài tập muộn và có điểm thi giữa kỳ dưới trung bình.,2.685701585434076,0.9181367351836389,6,88.96341207914507,8.911845789745492,low,0.21168516563513945,False,0.957759011639588
Sinh viên vắng mặt liên tiếp 3 tuần học phần Lập trình Python ứng dụng.,3.165351435930779,0.7458788997829223,3,29.645350862182305,3.5386724114044643,medium,0.8588866327634419,True,0.8009812445652099
Yêu cầu rút bớt môn học trong thời gian quy định do trùng lịch.,2.6494194443318864,0.8289711037733862,7,63.15930339002698,8.535062153872744,low,0.21156337602622446,False,0.9313658789368111
Học viên tích cực phát biểu trên lớp và hoàn thành xuất sắc bài tập lớn.,3.0933126951828394,0.6931837899014535,6,56.955428046047004,9.932389193392439,high,0.6500712570727654,True,0.7778209364365084
Sinh viên nộp bài tập muộn và có điểm thi giữa kỳ dưới trung bình.,3.772042166877082,0.9195132943094662,6,20.758834690279848,3.3687868518406,medium,0.6765630231840855,True,0.7556395159809391
Sinh viên hỏi về thủ tục đăng ký học phần tự chọn và thời gian đóng học phí.,3.117761472758577,0.9494708456745355,6,51.862990718050845,3.6418953457800107,medium,0.7509111391485266,True,0.8283778787451784
Sinh viên vắng mặt liên tiếp 3 tuần học phần Lập trình Python ứng dụng.,2.301432006113435,0.6441896452525578,5,43.760230116390574,8.96975275184331,high,0.8646659945702726,True,0.8383662801706342
Sinh viên vắng mặt liên tiếp 3 tuần học phần Lập trình Python ứng dụng.,3.7117121143208216,0.6180402708881293,6,50.74613177277453,7.757530978851489,high,0.7154761663595193,True,0.8924941775925338
Học viên tích cực phát biểu trên lớp và hoàn thành xuất sắc bài tập lớn.,2.3438635683638087,0.8354216915892981,6,90.32946460497317,9.613124156039872,low,0.2635905289374544,False,0.929743480597392
Sinh viên vắng mặt liên tiếp 3 tuần học phần Lập trình Python ứng dụng.,3.3610409280766103,0.6259945637931575,7,95.41854193081005,7.54752654294658,high,0.8323210384636577,True,0.8269032766524763
Sinh viên nộp bài tập muộn và có điểm thi giữa kỳ dưới trung bình.,1.8985852500104072,0.7536362445964998,0,34.91506097154036,8.457091314967272,medium,0.755037577750019,True,0.7586764014845094
Yêu cầu rút bớt môn học trong thời gian quy định do trùng lịch.,2.2542804483767624,0.8073041466705568,3,99.59262581171483,4.217266744536412,medium,0.7688726056707976,True,0.8637357713556137
"Sinh viên vi phạm quy chế thi cử lần đầu, cần xem xét cảnh cáo học vụ.",3.8923051291941206,0.9589744592184816,2,37.95524574693285,4.566723303758362,medium,0.8110923268680241,True,0.8389409902262555
"Sinh viên vi phạm quy chế thi cử lần đầu, cần xem xét cảnh cáo học vụ.",3.6062663144776397,0.7829728391094829,7,41.24800340709648,3.906604448979629,medium,0.9166244239606931,True,0.893347724734463
Sinh viên hỏi về thủ tục đăng ký học phần tự chọn và thời gian đóng học phí.,1.8743869736789447,0.7316205461479484,0,64.06858964873115,3.608907319379871,medium,0.7725359639212096,True,0.8059032775518471
Yêu cầu tư vấn định hướng ngành học và hỗ trợ học bổng học tập.,3.319182238746028,0.7983502940315084,5,96.96975780736398,3.766282020381177,medium,0.9183439792904202,True,0.8987213002717572
Sinh viên nộp bài tập muộn và có điểm thi giữa kỳ dưới trung bình.,2.8398077067293457,0.7922346309306592,4,92.5210975555664,6.999232593437019,medium,0.8486336030319693,True,0.8315668361996099
Học viên tích cực phát biểu trên lớp và hoàn thành xuất sắc bài tập lớn.,2.3607593673557847,0.9514519945420632,2,89.45286432412375,4.716998725787342,medium,0.6972021979107578,True,0.7740600157995108
Học viên tích cực phát biểu trên lớp và hoàn thành xuất sắc bài tập lớn.,3.557727989563711,0.8789885846677135,1,28.46672750628672,7.8929351662771134,low,0.16622753892475206,False,0.9646128272601455
Học viên tích cực phát biểu trên lớp và hoàn thành xuất sắc bài tập lớn.,3.630871408264987,0.6116989132138236,6,20.41161366037718,8.7396284218567,high,0.7185875484574771,True,0.8863051963904052
Sinh viên nộp bài tập muộn và có điểm thi giữa kỳ dưới trung bình.,3.5177307506500304,0.9328536711830968,4,40.69506645583264,4.351930052111051,medium,0.6752294673403955,True,0.798965036475494
Sinh viên vắng mặt liên tiếp 3 tuần học phần Lập trình Python ứng dụng.,3.1268084067350035,0.703921432425664,3,20.725792372217995,8.730755943498892,medium,0.6885346154279575,True,0.7925014422398372
Yêu cầu rút bớt môn học trong thời gian quy định do trùng lịch.,2.9366598152198313,0.9851968015435979,6,51.37209691561573,4.256481263966833,medium,0.8761096502151557,True,0.8683210472806117
Sinh viên hỏi về thủ tục đăng ký học phần tự chọn và thời gian đóng học phí.,3.244560016831708,0.6271348236420687,2,33.31020695458179,8.396890047724948,high,0.8625716013807888,True,0.8210360832652632
"Sinh viên vi phạm quy chế thi cử lần đầu, cần xem xét cảnh cáo học vụ.",3.103922587311702,0.6182968135250051,1,99.21186982005176,7.7323658003072815,high,0.7837874921030964,True,0.8471360465102862
Sinh viên hỏi về thủ tục đăng ký học phần tự chọn và thời gian đóng học phí.,3.3923527114509473,0.6098347665835205,2,85.72103579259527,5.602834704671072,high,0.8956356930071281,True,0.7878763124532573
Yêu cầu rút bớt môn học trong thời gian quy định do trùng lịch.,2.736395683391171,0.7094506665126663,4,95.54429079662638,3.7153553378560327,medium,0.9062629323384698,True,0.8290536144317793
Học viên tích cực phát biểu trên lớp và hoàn thành xuất sắc bài tập lớn.,3.256732674141126,0.6883078451155041,1,81.82582240134437,4.610375781220037,high,0.6894005379228134,True,0.880208148379844
"Sinh viên vi phạm quy chế thi cử lần đầu, cần xem xét cảnh cáo học vụ.",2.1172215727398904,0.7729339204170408,4,92.76196087582547,9.00152064464749,medium,0.9393561416810625,True,0.8640141117657146
Học viên tích cực phát biểu trên lớp và hoàn thành xuất sắc bài tập lớn.,3.866353060715639,0.7637336025260172,3,77.95381380912936,8.22085908421675,medium,0.7101077430646138,True,0.8802184220235797
Sinh viên hỏi về thủ tục đăng ký học phần tự chọn và thời gian đóng học phí.,2.9817756013211034,0.7886129840410051,2,97.45547423317774,4.298678609921848,medium,0.9105869503866832,True,0.8664895279187612
Yêu cầu rút bớt môn học trong thời gian quy định do trùng lịch.,2.7527566326710935,0.8121417574913025,6,70.09762573051323,3.918714143776713,medium,0.6597578538473756,True,0.888127177172353
Yêu cầu tư vấn định hướng ngành học và hỗ trợ học bổng học tập.,2.189463636820974,0.7848389163062642,5,29.38465511699156,3.876300545417853,medium,0.8556695861686914,True,0.8145458842349194
"Sinh viên vi phạm quy chế thi cử lần đầu, cần xem xét cảnh cáo học vụ.",2.2736342991318446,0.664330187631276,5,66.5577121531519,4.8829538310456835,high,0.8892677301911565,True,0.796554293838536
Học viên tích cực phát biểu trên lớp và hoàn thành xuất sắc bài tập lớn.,2.114119349601888,0.785839438654324,5,51.399484512534784,6.3595718430198644,medium,0.8300061644357911,True,0.7937493868063955
Học viên tích cực phát biểu trên lớp và hoàn thành xuất sắc bài tập lớn.,3.3898244619835687,0.9810594552154868,0,23.16950602786857,6.363548630804803,low,0.1367255624463612,False,0.8814658520621286
Sinh viên vắng mặt liên tiếp 3 tuần học phần Lập trình Python ứng dụng.,2.998899453872745,0.607347054776216,5,69.45245874544952,7.917254793808728,high,0.8178946050460743,True,0.7514656271128776
Sinh viên hỏi về thủ tục đăng ký học phần tự chọn và thời gian đóng học phí.,1.952074171507317,0.813696882390578,0,48.050154496734464,3.232421761539566,medium,0.6735735491465062,True,0.8095384914302394
Sinh viên nộp bài tập muộn và có điểm thi giữa kỳ dưới trung bình.,3.8526794112610494,0.6803436359449176,1,84.04693592872663,4.401051709713671,high,0.700244774677721,True,0.7656851760501601
Yêu cầu tư vấn định hướng ngành học và hỗ trợ học bổng học tập.,2.0608619301289246,0.9584885210740153,0,94.89697969949519,3.3637989855603068,medium,0.8123889005903211,True,0.8563590779176374
Sinh viên nộp bài tập muộn và có điểm thi giữa kỳ dưới trung bình.,3.11313978644929,0.9133690903766458,6,85.18600909972098,3.560803924692726,medium,0.9184449968181583,True,0.8321388564230604
Sinh viên nộp bài tập muộn và có điểm thi giữa kỳ dưới trung bình.,3.44604836217961,0.792361532579594,6,62.11221287488905,8.121126652287323,medium,0.6744889946091769,True,0.7590528125985846
Yêu cầu rút bớt môn học trong thời gian quy định do trùng lịch.,3.1656177903342533,0.791711571430515,2,37.53711898864354,9.83105679073392,medium,0.7510687375313321,True,0.7773176873533049
Yêu cầu rút bớt môn học trong thời gian quy định do trùng lịch.,2.7106762013084165,0.6174646630829445,3,64.42908407501051,8.034412447905847,high,0.7185364223993896,True,0.8994500874085113
Sinh viên vắng mặt liên tiếp 3 tuần học phần Lập trình Python ứng dụng.,2.835881378245979,0.6326105958209707,2,74.41825939450331,3.5053888628542307,high,0.6591957506617419,True,0.7886524332766821
Sinh viên hỏi về thủ tục đăng ký học phần tự chọn và thời gian đóng học phí.,2.1658060068143326,0.9843122205947907,1,79.41652169599848,5.978453341136527,low,0.22107724739143703,False,0.8982350391879983
Sinh viên hỏi về thủ tục đăng ký học phần tự chọn và thời gian đóng học phí.,2.8601742519753373,0.8173202093453154,2,66.29403268579148,6.070307934327133,low,0.3538401811452978,False,0.9132669623852113
Sinh viên nộp bài tập muộn và có điểm thi giữa kỳ dưới trung bình.,3.055219487037315,0.9171824378422526,6,42.14622377880413,7.146452300153536,low,0.4193271709658418,False,0.8773860845707366
Học viên tích cực phát biểu trên lớp và hoàn thành xuất sắc bài tập lớn.,2.778206894742522,0.9343992255124838,0,30.525414810180784,8.01077475277462,low,0.4181613822329744,False,0.8733588041531314
Sinh viên hỏi về thủ tục đăng ký học phần tự chọn và thời gian đóng học phí.,2.5829821380967624,0.8050460820823221,4,88.35080746956633,6.4459449951362435,low,0.18653087604111196,False,0.9631974871654265
Yêu cầu rút bớt môn học trong thời gian quy định do trùng lịch.,3.045128639646742,0.8317659597374003,3,67.4360681147942,4.14466710809516,medium,0.7673244609955282,True,0.8954118483502931
Sinh viên nộp bài tập muộn và có điểm thi giữa kỳ dưới trung bình.,3.6017711332376816,0.6036121616518201,0,81.87785005492805,3.916115625028449,high,0.9409463135235634,True,0.8180684312075459
Yêu cầu tư vấn định hướng ngành học và hỗ trợ học bổng học tập.,3.6557903062875803,0.776809749513143,7,61.58191588448141,5.359022235019005,medium,0.8986650097647828,True,0.814633128549271
Sinh viên hỏi về thủ tục đăng ký học phần tự chọn và thời gian đóng học phí.,3.0345571793318125,0.9794333419405735,0,33.36335263207599,4.173334514018224,medium,0.6610014280800629,True,0.860460302259846
Học viên tích cực phát biểu trên lớp và hoàn thành xuất sắc bài tập lớn.,2.9203750431293605,0.9127161319380117,7,84.45361223600426,7.097480550777265,low,0.40389494817964056,False,0.8767593573047798
Học viên tích cực phát biểu trên lớp và hoàn thành xuất sắc bài tập lớn.,1.8717943084722322,0.9946771921428647,0,62.49356224008256,9.55623984606473,low,0.11377023923397839,False,0.8658742888213035
"Sinh viên vi phạm quy chế thi cử lần đầu, cần xem xét cảnh cáo học vụ.",2.1780219186927194,0.6354222336892965,0,60.57878469507139,3.2910100133527447,high,0.6945029602886267,True,0.897994518443827
Yêu cầu tư vấn định hướng ngành học và hỗ trợ học bổng học tập.,1.8103739599622601,0.9807247141692956,1,97.84781984562771,7.060785607868277,low,0.18897860296412264,False,0.9178249060627077
Yêu cầu rút bớt môn học trong thời gian quy định do trùng lịch.,3.200414940846819,0.6558605019025251,7,30.61717230554219,4.00479653427575,high,0.9319459375780526,True,0.8599348377512013
Sinh viên nộp bài tập muộn và có điểm thi giữa kỳ dưới trung bình.,2.195533075907763,0.8923317899483505,4,55.50001754436569,9.076995780642537,low,0.16200242630658507,False,0.9400413737894013
Yêu cầu rút bớt môn học trong thời gian quy định do trùng lịch.,3.8551257035411135,0.749718706855917,5,59.773981120674186,7.324930681408497,medium,0.9106714953436155,True,0.8355914619958245
Sinh viên hỏi về thủ tục đăng ký học phần tự chọn và thời gian đóng học phí.,2.0375306200608034,0.9182041486785613,3,74.12107086217972,4.509726066784021,medium,0.8476656410697971,True,0.8090796608481238
Học viên tích cực phát biểu trên lớp và hoàn thành xuất sắc bài tập lớn.,3.012088997094671,0.7394294668967882,1,99.95309806165332,3.337484272023892,medium,0.9431522552663951,True,0.8110361941084306
Học viên tích cực phát biểu trên lớp và hoàn thành xuất sắc bài tập lớn.,3.443009516522374,0.8268065043946671,0,28.728770541259976,7.55358153454201,low,0.36781680259452465,False,0.9703377280144925
Yêu cầu tư vấn định hướng ngành học và hỗ trợ học bổng học tập.,3.4964764780766426,0.9049140539106463,0,45.375657341231886,9.082304378783997,low,0.23148528815860425,False,0.8885930056928365
Yêu cầu rút bớt môn học trong thời gian quy định do trùng lịch.,1.8120931870460553,0.7298343319601082,3,68.78654443989556,6.944072491439211,medium,0.7641259112698393,True,0.8322749582477216
Sinh viên vắng mặt liên tiếp 3 tuần học phần Lập trình Python ứng dụng.,2.2988426748360875,0.749300716651736,3,21.173364563701107,7.109431953908056,medium,0.700533315542816,True,0.8463863953420785
Sinh viên nộp bài tập muộn và có điểm thi giữa kỳ dưới trung bình.,2.7733374919812017,0.7519143120716919,1,96.1182847732793,8.93017152960802,medium,0.924270954785441,True,0.8720649432479379
Sinh viên vắng mặt liên tiếp 3 tuần học phần Lập trình Python ứng dụng.,2.5984107994502996,0.7595291123587602,4,39.68557270383986,6.336868325288114,medium,0.7683095971455051,True,0.832412135764568
"Sinh viên vi phạm quy chế thi cử lần đầu, cần xem xét cảnh cáo học vụ.",3.308058460075638,0.9822094783819739,4,85.79147350536465,6.016034640766233,medium,0.9190142869520367,True,0.7606920405082745
Yêu cầu rút bớt môn học trong thời gian quy định do trùng lịch.,2.3113128228102284,0.9708138179185226,6,35.77233012583019,6.354282606105199,low,0.16809541311485535,False,0.8716231090066084
Sinh viên hỏi về thủ tục đăng ký học phần tự chọn và thời gian đóng học phí.,2.3392307922130664,0.7139491607847691,2,94.36847019375914,6.725821493373282,medium,0.8242796159788393,True,0.7634439508732414
"Sinh viên vi phạm quy chế thi cử lần đầu, cần xem xét cảnh cáo học vụ.",3.303916415868706,0.7090496002934135,3,85.85392124765282,6.657367283612828,medium,0.6869667962516498,True,0.8789123689920884
Yêu cầu rút bớt môn học trong thời gian quy định do trùng lịch.,2.902843105700826,0.8836185046889731,7,83.47258065182699,4.296599125831868,medium,0.9253257467514131,True,0.8136791137794543
"Sinh viên vi phạm quy chế thi cử lần đầu, cần xem xét cảnh cáo học vụ.",3.492584354527832,0.8200906168625047,7,62.11993553230248,3.7861304108785343,medium,0.6507752044534947,True,0.8456977808689947
Học viên tích cực phát biểu trên lớp và hoàn thành xuất sắc bài tập lớn.,3.656833573031656,0.691231908779573,0,71.72847307382881,4.22341409979164,high,0.7582317557331799,True,0.8858836657181641
Sinh viên vắng mặt liên tiếp 3 tuần học phần Lập trình Python ứng dụng.,2.2974281738464124,0.9122102060975448,1,78.55664540685076,8.958219825969396,medium,0.8514274008591843,True,0.8714294963652662
Yêu cầu tư vấn định hướng ngành học và hỗ trợ học bổng học tập.,3.110104581820803,0.7807070714948916,1,32.23870406628501,4.6466490936138936,medium,0.9107778873953157,True,0.8209337948449773
Học viên tích cực phát biểu trên lớp và hoàn thành xuất sắc bài tập lớn.,2.0010005665923396,0.6094554344185346,6,38.4196934742296,4.443303151628985,high,0.841388237994791,True,0.7885325771468572
Học viên tích cực phát biểu trên lớp và hoàn thành xuất sắc bài tập lớn.,3.048400303890963,0.7987067435436678,1,41.96322032001003,7.179328418269842,medium,0.8527523735262128,True,0.816407545016929
Học viên tích cực phát biểu trên lớp và hoàn thành xuất sắc bài tập lớn.,3.30695530788217,0.8769744605297478,6,47.28720195793764,8.730949399834628,low,0.31112679357468026,False,0.8938395272582046
Yêu cầu rút bớt môn học trong thời gian quy định do trùng lịch.,3.422507727643703,0.7059581788946934,4,91.53526997312946,4.3430712730312,medium,0.7470114686346563,True,0.7839984603340482
Sinh viên vắng mặt liên tiếp 3 tuần học phần Lập trình Python ứng dụng.,3.096027145130858,0.7769639745922678,3,25.409005087377192,8.60249555475653,medium,0.7201136245731299,True,0.8310017871906766
"Sinh viên vi phạm quy chế thi cử lần đầu, cần xem xét cảnh cáo học vụ.",3.0449051824721876,0.8720527724413805,3,45.94670024923005,5.331013391407385,medium,0.850846086559457,True,0.8991209041831751
Sinh viên nộp bài tập muộn và có điểm thi giữa kỳ dưới trung bình.,2.562182970876583,0.9981921962817029,6,57.21644898269745,3.4209963982054967,medium,0.8186890447633729,True,0.8936437926758071
Học viên tích cực phát biểu trên lớp và hoàn thành xuất sắc bài tập lớn.,3.133416095741169,0.9019351279763391,6,62.8662147578465,3.6767351475270376,medium,0.7851112808774555,True,0.8634244993342869
Sinh viên vắng mặt liên tiếp 3 tuần học phần Lập trình Python ứng dụng.,2.4317915275418356,0.9924945497377216,2,94.17422555835621,4.642494572988175,medium,0.7697947747427925,True,0.7728624019995626
Học viên tích cực phát biểu trên lớp và hoàn thành xuất sắc bài tập lớn.,3.34807847251521,0.9074399219154033,0,87.3626635501137,6.646705840904295,low,0.31825499080096586,False,0.8615861761750822
Yêu cầu rút bớt môn học trong thời gian quy định do trùng lịch.,3.6158410032704342,0.8433945650639165,3,82.56224701363087,7.961212884200835,low,0.11265613318366674,False,0.8894066862728927
Sinh viên nộp bài tập muộn và có điểm thi giữa kỳ dưới trung bình.,2.5175164539835335,0.7523638102043949,1,94.95662584248502,6.876615684986634,medium,0.741657293197407,True,0.8095472275611425
Yêu cầu rút bớt môn học trong thời gian quy định do trùng lịch.,3.7790127401146894,0.9493346646895391,5,93.55135785715339,6.478744380340812,low,0.44725530518815937,False,0.9606852445068624
Sinh viên nộp bài tập muộn và có điểm thi giữa kỳ dưới trung bình.,2.8524212982822204,0.7588715109716844,5,85.39597667929533,5.664363054336061,medium,0.9133922961335208,True,0.8802085035161176
"Sinh viên vi phạm quy chế thi cử lần đầu, cần xem xét cảnh cáo học vụ.",2.0966839034785623,0.6847929963608954,5,26.473542644100174,5.82086125135613,high,0.7020573544959526,True,0.8542426633353692
Sinh viên nộp bài tập muộn và có điểm thi giữa kỳ dưới trung bình.,3.810378064578633,0.8292165715723397,1,85.79844509074887,3.927672709192939,medium,0.9086043446817867,True,0.8884135785770092
"Sinh viên vi phạm quy chế thi cử lần đầu, cần xem xét cảnh cáo học vụ.",2.092315851696813,0.9593046509170824,5,33.98709018083301,6.517962535244097,medium,0.7695989083316939,True,0.7719560988243374
Học viên tích cực phát biểu trên lớp và hoàn thành xuất sắc bài tập lớn.,2.055700013363077,0.7912936092192289,3,30.81330313238582,9.741805781124217,medium,0.8148588607685051,True,0.894873324172983
Sinh viên hỏi về thủ tục đăng ký học phần tự chọn và thời gian đóng học phí.,2.454813879479045,0.8024567451360977,1,42.22020989994089,8.960140462858856,low,0.1001163771421713,False,0.8522994152497234
Sinh viên nộp bài tập muộn và có điểm thi giữa kỳ dưới trung bình.,3.165422294036122,0.6608099412514592,2,65.1552872543106,4.342477189143024,high,0.7135266051996435,True,0.8226902380528297
Sinh viên nộp bài tập muộn và có điểm thi giữa kỳ dưới trung bình.,1.9213391780923699,0.8780140915434212,0,54.426974200713694,4.194653309849989,medium,0.6723889443011245,True,0.8674044061116224
"Sinh viên vi phạm quy chế thi cử lần đầu, cần xem xét cảnh cáo học vụ.",2.012196203122358,0.8768645366776527,3,69.44413394297487,7.432327382094249,medium,0.718668381453984,True,0.7848968307844022
Sinh viên hỏi về thủ tục đăng ký học phần tự chọn và thời gian đóng học phí.,2.4431326036518843,0.8495583345166554,3,87.84127081995211,8.070222287736629,low,0.3772327718161901,False,0.902623795781076
Học viên tích cực phát biểu trên lớp và hoàn thành xuất sắc bài tập lớn.,2.5438961049340265,0.810201848787456,5,86.20303164534994,8.135300663929815,low,0.3692567127744689,False,0.8514340643757241
Sinh viên nộp bài tập muộn và có điểm thi giữa kỳ dưới trung bình.,2.0809878461869262,0.7674322486495742,5,40.785056699602734,8.322028761854945,medium,0.6911329117186997,True,0.8302965197178888
Sinh viên vắng mặt liên tiếp 3 tuần học phần Lập trình Python ứng dụng.,2.479350829314095,0.933721346381907,4,98.0699003928043,8.610759783180928,medium,0.9378729932963099,True,0.8231781065889544
Yêu cầu tư vấn định hướng ngành học và hỗ trợ học bổng học tập.,2.3582873869740584,0.8584360493850032,4,87.54856661916928,3.6865780654897122,medium,0.7964723411065334,True,0.7725072997040976
Sinh viên hỏi về thủ tục đăng ký học phần tự chọn và thời gian đóng học phí.,2.311303733650221,0.8606842591643873,2,50.07106281166155,5.761333949990247,low,0.2608063689420953,False,0.9520521506988173
Học viên tích cực phát biểu trên lớp và hoàn thành xuất sắc bài tập lớn.,2.0796045087740036,0.6408598118630152,7,45.23255165984102,7.816942942605795,high,0.7812809372166176,True,0.7882005933069077
Sinh viên nộp bài tập muộn và có điểm thi giữa kỳ dưới trung bình.,3.7536696581594295,0.7012233731203138,7,56.91819716997873,7.460410337657963,medium,0.8478061766617349,True,0.8842676611059805
Sinh viên vắng mặt liên tiếp 3 tuần học phần Lập trình Python ứng dụng.,3.08926052799613,0.6266608162242759,7,90.59675523648798,3.7398543593439184,high,0.9464825813000394,True,0.8164909631165428
Học viên tích cực phát biểu trên lớp và hoàn thành xuất sắc bài tập lớn.,1.8798458812986554,0.8984829029927355,0,25.76674687989387,3.49879709435681,medium,0.6536325425704662,True,0.893475209744922
Học viên tích cực phát biểu trên lớp và hoàn thành xuất sắc bài tập lớn.,2.613949986113816,0.7847787746683823,3,47.97625837966797,8.422574718268272,medium,0.8484111833211243,True,0.7777793351801202
Yêu cầu tư vấn định hướng ngành học và hỗ trợ học bổng học tập.,2.6654749535518203,0.8198464174875698,5,81.14981297773888,4.855324998275028,medium,0.6562834883092739,True,0.7623257501214641
Sinh viên hỏi về thủ tục đăng ký học phần tự chọn và thời gian đóng học phí.,3.687691730413094,0.9129939698255751,7,69.9730855083411,5.673577477570271,low,0.1719905417684443,False,0.8657802343607228
"Sinh viên vi phạm quy chế thi cử lần đầu, cần xem xét cảnh cáo học vụ.",2.3474979298318246,0.627701722514344,0,62.42417065993266,3.2936585640214537,high,0.9405466332783151,True,0.8698071287481862
Sinh viên hỏi về thủ tục đăng ký học phần tự chọn và thời gian đóng học phí.,2.7961058308030493,0.6455826538857269,4,66.59381265657971,8.236512256006725,high,0.8935309364270412,True,0.8484717910997254
Yêu cầu tư vấn định hướng ngành học và hỗ trợ học bổng học tập.,1.891844814347936,0.6443231848719227,1,37.969248947508156,5.605169166862593,high,0.7796230648832588,True,0.8159107484541679
Sinh viên vắng mặt liên tiếp 3 tuần học phần Lập trình Python ứng dụng.,2.143735983077133,0.7095165230056426,3,29.720110104073445,4.382293429019561,medium,0.9160774700627808,True,0.8468716218982809
Yêu cầu tư vấn định hướng ngành học và hỗ trợ học bổng học tập.,3.2100553632787507,0.726768990937978,6,87.72114709522225,9.432485735476881,medium,0.7256723060520085,True,0.8632562893119418
Học viên tích cực phát biểu trên lớp và hoàn thành xuất sắc bài tập lớn.,3.854634285481251,0.8992767623915989,5,82.11579571997797,7.593132863767501,low,0.1621000693143974,False,0.920853499456602
Yêu cầu tư vấn định hướng ngành học và hỗ trợ học bổng học tập.,2.3655957264342526,0.815822488198202,4,33.18518525835497,3.9221014141819333,medium,0.8677939729955886,True,0.8726677994785418
Yêu cầu rút bớt môn học trong thời gian quy định do trùng lịch.,2.825627673136373,0.6602704430839509,3,78.62412358130004,6.795660438442938,high,0.8271043071376318,True,0.826254082037442
Yêu cầu rút bớt môn học trong thời gian quy định do trùng lịch.,2.022454496372835,0.6606277486350695,5,89.86583326886462,7.454039477854737,high,0.8783364611129474,True,0.7740107452431859
Sinh viên nộp bài tập muộn và có điểm thi giữa kỳ dưới trung bình.,2.9718888828128307,0.9247008867462839,3,78.11693720904039,9.942669659445544,low,0.13471233485552558,False,0.9021942610619674
Sinh viên nộp bài tập muộn và có điểm thi giữa kỳ dưới trung bình.,3.1808766568338482,0.7243715720030217,4,78.64570368237398,7.311898151821254,medium,0.7064074203846249,True,0.8033076853028609
Học viên tích cực phát biểu trên lớp và hoàn thành xuất sắc bài tập lớn.,2.931260901420382,0.8096636682904649,1,80.8792608022475,3.2471794845816735,medium,0.8737201348193696,True,0.7803720840247856
Sinh viên nộp bài tập muộn và có điểm thi giữa kỳ dưới trung bình.,3.39322041923311,0.8713515291420567,7,31.911044026595576,5.139229508431504,low,0.4068277666398702,False,0.9795234638915421
Sinh viên hỏi về thủ tục đăng ký học phần tự chọn và thời gian đóng học phí.,2.6092893543994595,0.8573460719647137,1,90.89566243720596,7.151310339307489,low,0.23703399436224026,False,0.903640839310321
Yêu cầu rút bớt môn học trong thời gian quy định do trùng lịch.,1.8067583535689853,0.8478357349839363,3,34.50554239404042,5.713715163252759,low,0.24081449364029459,False,0.9636541211793309
Học viên tích cực phát biểu trên lớp và hoàn thành xuất sắc bài tập lớn.,3.1488836044009774,0.6259414377931873,7,38.03510043709551,7.920604086850737,high,0.6658411881405585,True,0.8229896493365629
"Sinh viên vi phạm quy chế thi cử lần đầu, cần xem xét cảnh cáo học vụ.",3.4904768993296162,0.7079282880512857,3,45.76864033833484,7.455434557344078,medium,0.6946999208447731,True,0.854312347249208
Sinh viên hỏi về thủ tục đăng ký học phần tự chọn và thời gian đóng học phí.,3.448283651934082,0.8830723738963663,6,86.01045341328921,6.642076038430578,low,0.2307119086504607,False,0.8659089784522731
Sinh viên vắng mặt liên tiếp 3 tuần học phần Lập trình Python ứng dụng.,2.711440668965138,0.6354401718718469,3,25.003378151789477,8.609568410736633,high,0.879976557191493,True,0.8600423745063469
"Sinh viên vi phạm quy chế thi cử lần đầu, cần xem xét cảnh cáo học vụ.",3.149386919023902,0.7684992213176288,3,59.69331072905756,4.247767268332491,medium,0.8557733813149591,True,0.8986689647731956
Sinh viên hỏi về thủ tục đăng ký học phần tự chọn và thời gian đóng học phí.,2.6060491990593926,0.8287489084908746,7,36.23490940599218,6.958849754450083,low,0.44287635026185923,False,0.8714882344261227
Yêu cầu tư vấn định hướng ngành học và hỗ trợ học bổng học tập.,1.850802704171846,0.9326788174703093,4,75.81365020160601,9.507318460129788,low,0.3739036789479683,False,0.8572976934441072
Yêu cầu tư vấn định hướng ngành học và hỗ trợ học bổng học tập.,2.7022793067517634,0.9490921001938407,4,56.93862508899058,6.366342005271488,low,0.25231313973937486,False,0.9718559282480623
Sinh viên hỏi về thủ tục đăng ký học phần tự chọn và thời gian đóng học phí.,2.080307942073482,0.6322406055028499,6,92.31306642082997,9.365731344058773,high,0.8840639190290307,True,0.7510543805720429
Sinh viên vắng mặt liên tiếp 3 tuần học phần Lập trình Python ứng dụng.,2.1337071521056425,0.8440900597910566,3,51.906882376298356,9.458361406614529,medium,0.7916181302590994,True,0.7520103939648248
Sinh viên hỏi về thủ tục đăng ký học phần tự chọn và thời gian đóng học phí.,1.8936493075832193,0.6145150490454009,6,39.75830392575999,9.343782063647257,high,0.7248638599548518,True,0.7907924589192946
"Sinh viên vi phạm quy chế thi cử lần đầu, cần xem xét cảnh cáo học vụ.",2.700662445608181,0.9379157745144086,5,25.229292605150818,6.41299835571369,medium,0.6600840800549848,True,0.7593979805183032
Sinh viên nộp bài tập muộn và có điểm thi giữa kỳ dưới trung bình.,2.980184979680294,0.7383681790006777,1,52.887648208056525,5.431403283811899,medium,0.9199500037061816,True,0.7532735095163234
Yêu cầu tư vấn định hướng ngành học và hỗ trợ học bổng học tập.,3.823128311848456,0.8240672733847367,6,51.47582772508733,8.79507862725521,low,0.375699555434698,False,0.9311753080413246
Học viên tích cực phát biểu trên lớp và hoàn thành xuất sắc bài tập lớn.,3.860723890044218,0.7026120249776991,2,78.01245820408919,4.338334910253523,medium,0.7514789315997045,True,0.7963048115059793
Học viên tích cực phát biểu trên lớp và hoàn thành xuất sắc bài tập lớn.,3.0779072726625794,0.7398025488347275,0,21.762812823800335,8.040056277641792,medium,0.7753969801611453,True,0.7633260367631347
"Sinh viên vi phạm quy chế thi cử lần đầu, cần xem xét cảnh cáo học vụ.",2.978567855393302,0.8093563645497466,4,38.19275966891031,5.8278451342858375,medium,0.8127637410186268,True,0.8687549982680027
Sinh viên vắng mặt liên tiếp 3 tuần học phần Lập trình Python ứng dụng.,2.9414302564195567,0.6326901382987112,5,87.75349824708479,6.000413828793331,high,0.6922878882565308,True,0.8496281871758127
Sinh viên vắng mặt liên tiếp 3 tuần học phần Lập trình Python ứng dụng.,3.2049469083911273,0.7849182244002428,7,56.81298115907517,8.244985988870436,medium,0.7371762679419065,True,0.86804552023765
"Sinh viên vi phạm quy chế thi cử lần đầu, cần xem xét cảnh cáo học vụ.",3.493447596188963,0.7836959510387832,7,83.5191773094405,6.480791512202817,medium,0.7519332414685655,True,0.8808203550033715
Sinh viên nộp bài tập muộn và có điểm thi giữa kỳ dưới trung bình.,2.493451636230145,0.902700602275454,5,21.435654285479345,3.883776479548294,medium,0.8478888099184226,True,0.7742429716928807
"Sinh viên vi phạm quy chế thi cử lần đầu, cần xem xét cảnh cáo học vụ.",2.3014720439012324,0.7804957376723952,1,80.05836055994777,6.905865171478479,medium,0.8157540844348176,True,0.7641227865188547
Yêu cầu tư vấn định hướng ngành học và hỗ trợ học bổng học tập.,3.709362432309276,0.8154807191810857,3,83.86753505794627,5.603528675418054,low,0.2580938867310889,False,0.9016595807630912
Yêu cầu tư vấn định hướng ngành học và hỗ trợ học bổng học tập.,3.4287848869431876,0.9857906615603247,7,34.937863661843316,3.6582527310398643,medium,0.7570012922425294,True,0.8636222827184126
Học viên tích cực phát biểu trên lớp và hoàn thành xuất sắc bài tập lớn.,3.132623076855638,0.9191656638463577,6,35.667265006953514,9.278705512964741,low,0.28206668313804406,False,0.9081883822416282
"Sinh viên vi phạm quy chế thi cử lần đầu, cần xem xét cảnh cáo học vụ.",3.465848835920334,0.7267046708270106,2,49.048058930720835,9.280304386752332,medium,0.7006562620033059,True,0.8260576655798162
Sinh viên hỏi về thủ tục đăng ký học phần tự chọn và thời gian đóng học phí.,2.224232903645229,0.6736899356952104,4,78.61081877606662,8.742642552142813,high,0.7439485984451847,True,0.8697889908574127
